SECOND_FLD,review-count
12288_26997,0.0
12290_26986,3.0
12290_26991,1.0
12291_26987,43.0
12291_26988,361.0
12291_26989,3.0
12292_26989,0.0
12292_26990,10.0
12292_26993,0.0
12293_26992,13.0
12294_26995,118.0
12297_26998,51.0
12298_26993,0.0
12302_27006,0.0
12304_27006,1.0
12305_27011,0.0
12309_27011,0.0
12310_27010,0.0
12310_27011,0.0
12312_26993,0.0
12313_27019,0.0
12313_27020,0.0
12314_27019,0.0
12314_27020,0.0
12315_26995,0.0
12316_27001,0.0
12316_27021,0.0
12316_27022,0.0
12317_27000,27.0
12317_27023,0.0
12318_26991,0.0
12318_26992,0.0
12318_26998,1.0
12318_27000,40.0
12320_26983,0.0
12320_27024,0.0
12320_27026,0.0
12321_26976,2.0
12321_26977,0.0
12321_27025,0.0
12322_26973,56.0
12322_26974,29.0
12322_26977,3.0
12322_26978,7.0
12322_26993,34.0
12322_26994,0.0
12322_27002,0.0
12322_27046,6.0
12322_27047,1.0
12323_26966,0.0
12323_26971,0.0
12323_26972,10.0
12323_26983,6.0
12323_26984,82.0
12323_26996,7.0
12323_26997,0.0
12323_27045,2.0
12323_27046,10.0
12323_27047,10.0
12323_27048,1.0
12323_27049,0.0
12323_27050,0.0
12324_27002,0.0
12324_27004,0.0
12324_27045,0.0
12324_27047,0.0
12324_27049,0.0
12324_27051,0.0
12325_26990,5.0
12325_26991,0.0
12325_27002,0.0
12325_27003,0.0
12325_27005,5.0
12325_27021,1.0
12325_27040,0.0
12325_27045,0.0
12325_27047,10.0
12326_26964,2.0
12326_26966,18.0
12326_26968,239.0
12326_27002,1.0
12326_27003,0.0
12326_27004,11.0
12326_27005,20.0
12326_27006,0.0
12326_27048,0.0
12326_27049,0.0
12326_27054,53.0
12326_27055,90.0
12327_26958,11.0
12327_27002,0.0
12327_27003,14.0
12327_27004,0.0
12327_27005,2.0
12327_27006,20.0
12327_27022,0.0
12327_27045,0.0
12327_27052,12.0
12327_27054,5.0
12327_27055,283.0
12327_27057,2638.0
12327_27058,4318.0
12327_27071,108.0
12327_27072,44.0
12327_27074,5.0
12327_27076,46.0
12327_27077,0.0
12328_27000,20.0
12328_27004,0.0
12328_27009,0.0
12328_27020,0.0
12328_27021,0.0
12328_27052,2.0
12328_27054,0.0
12328_27057,2608.0
12328_27063,1.0
12328_27068,3.0
12328_27070,0.0
12328_27071,0.0
12329_26995,6.0
12329_26997,1.0
12329_27004,0.0
12329_27009,0.0
12329_27010,11.0
12329_27022,0.0
12329_27055,17.0
12329_27056,2.0
12329_27062,7.0
12329_27063,8.0
12329_27065,9.0
12329_27066,0.0
12329_27067,199.0
12330_26987,0.0
12330_26994,5.0
12330_26997,22.0
12330_26998,6.0
12330_27000,0.0
12330_27001,15.0
12330_27009,1.0
12330_27022,0.0
12330_27032,2.0
12330_27036,2.0
12330_27055,0.0
12330_27056,10.0
12330_27057,1.0
12330_27058,0.0
12330_27067,0.0
12331_27000,0.0
12331_27004,0.0
12331_27015,0.0
12331_27055,1.0
12331_27057,10.0
12332_27000,0.0
12332_27013,0.0
12332_27014,0.0
12332_27015,0.0
12332_27030,0.0
12333_26982,11.0
12333_27002,16.0
12333_27013,5.0
12333_27014,1.0
12333_27015,0.0
12333_27020,0.0
12333_27021,0.0
12333_27042,0.0
12333_27043,2.0
12334_26951,1.0
12334_27013,21.0
12334_27021,0.0
12334_27022,0.0
12334_27026,1.0
12334_27045,0.0
12334_27054,2.0
12335_26953,1.0
12335_26975,5.0
12335_26996,0.0
12335_26997,0.0
12335_27003,0.0
12335_27010,0.0
12335_27012,0.0
12335_27018,2.0
12335_27022,0.0
12335_27025,0.0
12335_27029,113.0
12335_27033,0.0
12335_27048,1.0
12335_27051,0.0
12335_27058,0.0
12335_27060,0.0
12336_26955,0.0
12336_26957,0.0
12336_26998,1.0
12336_27003,2.0
12336_27014,0.0
12336_27047,0.0
12336_27051,33.0
12336_27054,1.0
12337_26951,10.0
12337_26961,0.0
12337_26962,15.0
12337_26972,0.0
12337_26983,5.0
12337_27003,1.0
12337_27017,1.0
12337_27031,66.0
12338_26940,0.0
12338_26950,6.0
12338_26956,9.0
12338_26964,52.0
12338_26980,1.0
12338_26981,22.0
12338_26998,0.0
12338_26999,0.0
12338_27003,0.0
12338_27014,0.0
12338_27025,100.0
12338_27026,37.0
12338_27028,0.0
12338_27029,6.0
12338_27030,0.0
12338_27033,3.0
12338_27043,13.0
12338_27046,1.0
12338_27047,0.0
12338_27052,0.0
12339_26941,0.0
12339_26942,0.0
12339_26944,4.0
12339_26948,4.0
12339_26949,15.0
12339_26950,77.0
12339_26965,4.0
12339_26974,1.0
12339_26980,22.0
12339_27005,0.0
12340_26942,44.0
12340_26943,1.0
12340_26944,43.0
12340_26975,9.0
12340_26976,2.0
12340_26989,10.0
12340_27014,0.0
12340_27016,20.0
12340_27017,0.0
12340_27031,1.0
12340_27042,0.0
12340_27043,0.0
12340_27044,67.0
12341_26943,79.0
12341_26947,1.0
12341_26950,0.0
12341_26951,0.0
12341_26957,3.0
12341_27002,9.0
12341_27003,547.0
12341_27043,1.0
12341_27044,72.0
12341_27045,0.0
12342_26936,1.0
12342_26941,6.0
12342_26942,1.0
12342_26943,616.0
12342_26944,3.0
12342_26948,0.0
12342_26949,1.0
12342_26956,93.0
12342_26957,749.0
12342_26979,10.0
12342_27003,232.0
12342_27016,197.0
12342_27027,12.0
12342_27032,29.0
12342_27042,1.0
12342_27044,3.0
12343_26932,0.0
12343_26936,27.0
12343_26937,87.0
12343_26938,12.0
12343_26954,7.0
12343_26957,12.0
12343_27002,30.0
12343_27003,23.0
12343_27016,3.0
12343_27040,25.0
12343_27041,25.0
12343_27042,0.0
12344_26925,0.0
12344_26931,2.0
12344_26932,9.0
12344_26934,29.0
12344_26939,10.0
12344_26940,72.0
12344_26943,2.0
12344_26950,44.0
12344_26951,36.0
12344_27002,1.0
12344_27016,18.0
12344_27039,0.0
12344_27040,0.0
12344_27047,4.0
12344_27048,0.0
12344_27049,0.0
12345_26932,3.0
12345_26940,177.0
12345_26941,8.0
12345_26943,9.0
12345_26950,0.0
12345_27002,17.0
12345_27038,5.0
12345_27039,0.0
12345_27040,33.0
12345_27042,9.0
12346_26932,2.0
12346_26940,4.0
12346_26941,4.0
12346_26946,0.0
12346_26953,15.0
12346_26960,0.0
12346_27002,134.0
12346_27013,0.0
12346_27016,1.0
12346_27017,11.0
12346_27036,0.0
12346_27039,11.0
12347_26929,0.0
12347_26938,0.0
12347_26940,371.0
12347_26946,21.0
12347_26948,0.0
12347_26977,0.0
12347_27002,146.0
12347_27011,2.0
12347_27013,6.0
12347_27015,0.0
12347_27016,4.0
12347_27018,0.0
12347_27037,13.0
12347_27039,10.0
12347_27049,0.0
12348_26927,1.0
12348_26929,67.0
12348_26936,0.0
12348_26939,55.0
12348_26940,1.0
12348_26941,40.0
12348_26943,0.0
12348_26944,111.0
12348_26946,1.0
12348_26951,0.0
12348_26995,0.0
12348_27011,0.0
12348_27012,0.0
12348_27015,21.0
12348_27016,5.0
12348_27017,13.0
12348_27018,17.0
12348_27019,0.0
12348_27020,467.0
12348_27021,184.0
12348_27022,31.0
12348_27026,4.0
12348_27035,0.0
12348_27036,13.0
12348_27040,0.0
12348_27052,0.0
12349_26936,0.0
12349_26938,59.0
12349_26939,920.0
12349_26940,1596.0
12349_26941,4230.0
12349_26942,2.0
12349_26943,23.0
12349_26946,11.0
12349_26950,0.0
12349_26962,0.0
12349_26971,3.0
12349_26985,0.0
12349_26989,32.0
12349_26990,0.0
12349_26991,1.0
12349_26996,12.0
12349_27009,0.0
12349_27010,0.0
12349_27018,86.0
12349_27019,0.0
12349_27023,0.0
12349_27036,0.0
12349_27040,1.0
12350_26921,2.0
12350_26925,124.0
12350_26938,201.0
12350_26939,27853.0
12350_26940,1083.0
12350_26941,280.0
12350_26942,9.0
12350_26943,17.0
12350_26944,18.0
12350_26950,0.0
12350_26953,3.0
12350_26956,1.0
12350_26978,0.0
12350_26984,2.0
12350_26995,22.0
12350_27008,0.0
12350_27011,3.0
12350_27012,0.0
12350_27018,0.0
12350_27019,1.0
12350_27020,23.0
12350_27023,9.0
12350_27024,90.0
12350_27025,1.0
12350_27026,37.0
12350_27027,10.0
12350_27031,0.0
12350_27032,5.0
12350_27034,161.0
12351_26923,103.0
12351_26934,0.0
12351_26937,2624.0
12351_26938,24.0
12351_26939,2100.0
12351_26940,222.0
12351_26941,0.0
12351_26942,62.0
12351_26950,380.0
12351_26951,22.0
12351_26952,0.0
12351_26966,0.0
12351_26982,0.0
12351_26983,95.0
12351_26998,20.0
12351_27004,14.0
12351_27005,374.0
12351_27008,0.0
12351_27015,0.0
12351_27018,0.0
12351_27019,32.0
12351_27020,0.0
12351_27024,1.0
12351_27027,1.0
12351_27032,81.0
12351_27034,0.0
12352_26923,3.0
12352_26935,1.0
12352_26938,3.0
12352_26939,22.0
12352_26940,1909.0
12352_26941,7.0
12352_26942,0.0
12352_26943,5.0
12352_26950,36.0
12352_26951,847.0
12352_26989,28.0
12352_26990,1833.0
12352_26993,2.0
12352_26994,68.0
12352_26995,50.0
12352_26999,1.0
12352_27002,29.0
12352_27003,18.0
12352_27005,30.0
12352_27006,9.0
12352_27007,0.0
12352_27008,1.0
12352_27016,1.0
12352_27018,69.0
12352_27024,0.0
12352_27026,24.0
12352_27027,0.0
12352_27034,0.0
12353_26939,0.0
12353_26940,5.0
12353_26944,13.0
12353_26952,10.0
12353_26965,0.0
12353_26982,0.0
12353_26990,118.0
12353_26991,0.0
12353_26993,76.0
12353_26995,2132.0
12353_26998,13.0
12353_26999,157.0
12353_27003,2081.0
12353_27008,1.0
12353_27009,6.0
12353_27011,5.0
12353_27014,0.0
12353_27026,168.0
12353_27028,2.0
12353_27029,2.0
12354_26935,0.0
12354_26937,7.0
12354_26939,6.0
12354_26940,8.0
12354_26944,0.0
12354_26946,0.0
12354_26947,0.0
12354_26952,0.0
12354_26972,3.0
12354_26973,149.0
12354_26982,59.0
12354_26991,18.0
12354_26992,173.0
12354_26993,66.0
12354_26995,8133.0
12354_26996,2.0
12354_26998,0.0
12354_26999,83.0
12354_27002,0.0
12354_27003,480.0
12354_27009,9.0
12354_27011,0.0
12354_27032,5.0
12354_27033,2.0
12355_26935,0.0
12355_26936,0.0
12355_26938,2.0
12355_26939,14.0
12355_26940,0.0
12355_26941,0.0
12355_26942,1.0
12355_26943,0.0
12355_26944,348.0
12355_26960,1.0
12355_26964,0.0
12355_26965,35.0
12355_26973,587.0
12355_26978,0.0
12355_26983,4.0
12355_26990,12.0
12355_26991,505.0
12355_26992,23.0
12355_26996,216.0
12355_26999,90.0
12355_27000,1.0
12355_27003,1.0
12355_27005,0.0
12355_27018,32.0
12355_27027,1.0
12355_27031,0.0
12355_27043,0.0
12356_26935,0.0
12356_26939,0.0
12356_26949,1.0
12356_26957,3.0
12356_26963,0.0
12356_26967,6.0
12356_26969,2.0
12356_26970,207.0
12356_26971,197.0
12356_26972,187.0
12356_26973,70.0
12356_26984,7.0
12356_26985,1.0
12356_26988,1.0
12356_26991,0.0
12356_26992,3954.0
12356_26996,404.0
12356_26997,52.0
12356_26998,451.0
12356_26999,1.0
12356_27000,209.0
12356_27001,1.0
12356_27002,0.0
12356_27003,0.0
12356_27004,290.0
12356_27012,0.0
12356_27014,0.0
12356_27015,0.0
12356_27019,9.0
12356_27027,5.0
12356_27029,4.0
12356_27030,7.0
12356_27042,0.0
12356_27043,0.0
12356_27046,2.0
12357_26934,4.0
12357_26935,4.0
12357_26938,2.0
12357_26949,1.0
12357_26973,0.0
12357_26986,37.0
12357_26992,3338.0
12357_27003,18.0
12357_27004,258.0
12357_27005,0.0
12357_27011,1.0
12357_27012,1.0
12357_27017,18.0
12357_27018,18.0
12357_27019,0.0
12357_27022,9.0
12357_27023,0.0
12357_27025,0.0
12357_27026,0.0
12357_27027,2.0
12357_27029,1.0
12357_27030,5.0
12357_27037,0.0
12357_27038,0.0
12357_27043,1.0
12357_27044,1.0
12358_26928,0.0
12358_26933,3.0
12358_26949,2.0
12358_26958,0.0
12358_26965,0.0
12358_26966,0.0
12358_26975,73.0
12358_26993,21.0
12358_26998,0.0
12358_27002,236.0
12358_27003,127.0
12358_27004,2171.0
12358_27005,1.0
12358_27010,0.0
12358_27013,0.0
12358_27014,0.0
12358_27015,0.0
12358_27016,11.0
12358_27017,2.0
12358_27018,2.0
12358_27019,2387.0
12358_27020,660.0
12358_27021,4.0
12358_27022,0.0
12358_27023,179.0
12358_27024,2.0
12358_27032,24.0
12358_27036,0.0
12358_27038,0.0
12358_27041,0.0
12358_27042,0.0
12358_27043,1.0
12359_26932,14.0
12359_26933,7.0
12359_26934,2.0
12359_26965,0.0
12359_26975,45.0
12359_26990,195.0
12359_26991,1.0
12359_26992,244.0
12359_26995,2.0
12359_27002,6.0
12359_27003,1106.0
12359_27004,63.0
12359_27005,15.0
12359_27012,0.0
12359_27013,4.0
12359_27016,0.0
12359_27017,17.0
12359_27018,2832.0
12359_27019,10705.0
12359_27020,1834.0
12359_27021,12.0
12359_27022,5.0
12359_27023,3.0
12359_27028,0.0
12359_27036,0.0
12359_27038,1.0
12359_27040,0.0
12359_27041,0.0
12360_26930,0.0
12360_26931,12.0
12360_26932,11.0
12360_26933,644.0
12360_26974,417.0
12360_26975,21.0
12360_26992,85.0
12360_26995,0.0
12360_26998,2020.0
12360_26999,0.0
12360_27000,1.0
12360_27001,7.0
12360_27002,3.0
12360_27003,1.0
12360_27004,1270.0
12360_27005,0.0
12360_27011,0.0
12360_27016,2.0
12360_27017,9281.0
12360_27018,16428.0
12360_27019,31578.0
12360_27020,8993.0
12360_27021,3269.0
12360_27022,0.0
12360_27023,584.0
12360_27026,0.0
12360_27027,0.0
12360_27028,2.0
12360_27040,0.0
12361_26931,0.0
12361_26932,26.0
12361_26933,457.0
12361_26938,12.0
12361_26939,1.0
12361_26941,86.0
12361_26972,4.0
12361_26974,225.0
12361_26975,472.0
12361_26992,126.0
12361_26998,645.0
12361_26999,194.0
12361_27000,213.0
12361_27002,8.0
12361_27003,1933.0
12361_27004,1.0
12361_27005,0.0
12361_27010,0.0
12361_27011,11.0
12361_27012,0.0
12361_27013,0.0
12361_27015,63.0
12361_27016,7058.0
12361_27017,6420.0
12361_27018,879.0
12361_27019,14319.0
12361_27020,92.0
12361_27021,0.0
12361_27022,0.0
12361_27023,10.0
12361_27031,1.0
12361_27047,0.0
12362_26935,6.0
12362_26937,0.0
12362_26938,59.0
12362_26939,695.0
12362_26940,136.0
12362_26941,11.0
12362_26942,562.0
12362_26943,19.0
12362_26964,2.0
12362_26967,7.0
12362_26970,0.0
12362_26976,1.0
12362_26982,0.0
12362_26983,2.0
12362_26984,16.0
12362_26985,49.0
12362_26988,0.0
12362_26993,2.0
12362_26994,924.0
12362_26995,21.0
12362_26996,254.0
12362_26998,683.0
12362_26999,0.0
12362_27000,212.0
12362_27001,229.0
12362_27002,2753.0
12362_27003,951.0
12362_27004,0.0
12362_27005,23.0
12362_27011,0.0
12362_27012,0.0
12362_27013,0.0
12362_27014,3.0
12362_27015,21.0
12362_27016,140.0
12362_27017,14.0
12362_27018,7338.0
12362_27019,995.0
12362_27023,13.0
12362_27024,20.0
12362_27032,18.0
12362_27033,2.0
12362_27034,1.0
12363_26942,67.0
12363_26943,70.0
12363_26944,2.0
12363_26952,1.0
12363_26959,0.0
12363_26963,1.0
12363_26964,224.0
12363_26980,21.0
12363_26985,2.0
12363_26992,0.0
12363_26997,11.0
12363_26999,46.0
12363_27001,10.0
12363_27002,30.0
12363_27004,47.0
12363_27005,0.0
12363_27013,2.0
12363_27014,1.0
12363_27015,0.0
12363_27018,7742.0
12363_27019,3.0
12363_27020,0.0
12363_27021,1.0
12363_27022,0.0
12363_27024,0.0
12363_27045,24.0
12363_27049,0.0
12363_27050,11.0
12363_27052,0.0
12364_26940,1.0
12364_26941,6.0
12364_26945,59.0
12364_26947,251.0
12364_26959,65.0
12364_26985,4.0
12364_26990,0.0
12364_26993,5.0
12364_26995,8.0
12364_26997,32.0
12364_26998,218.0
12364_26999,86.0
12364_27000,1574.0
12364_27001,0.0
12364_27002,0.0
12364_27003,76.0
12364_27004,1.0
12364_27006,6.0
12364_27011,0.0
12364_27012,1.0
12364_27013,55.0
12364_27014,3.0
12364_27016,0.0
12364_27018,0.0
12364_27036,0.0
12364_27045,3.0
12364_27046,22.0
12365_26942,0.0
12365_26945,17.0
12365_26960,34.0
12365_26987,13.0
12365_26988,3.0
12365_26992,96.0
12365_26993,39.0
12365_26997,8.0
12365_26998,0.0
12365_26999,474.0
12365_27000,578.0
12365_27004,0.0
12365_27010,0.0
12365_27011,1.0
12365_27014,0.0
12365_27015,1.0
12365_27016,0.0
12365_27017,1.0
12365_27018,56.0
12365_27019,0.0
12365_27020,62.0
12365_27045,11.0
12365_27052,0.0
12365_27054,65.0
12366_26956,0.0
12366_26961,3.0
12366_26989,23.0
12366_26993,2.0
12366_26995,0.0
12366_26998,0.0
12366_26999,763.0
12366_27000,4359.0
12366_27001,223.0
12366_27002,8.0
12366_27003,1.0
12366_27004,0.0
12366_27005,70.0
12366_27006,4.0
12366_27007,7.0
12366_27008,0.0
12366_27016,4.0
12366_27017,7.0
12366_27038,10.0
12366_27052,6.0
12366_27053,6.0
12366_27054,20.0
12367_26960,0.0
12367_26961,2296.0
12367_26971,0.0
12367_26973,1.0
12367_26993,13.0
12367_26996,0.0
12367_26999,11717.0
12367_27000,2339.0
12367_27001,28.0
12367_27002,4.0
12367_27004,0.0
12367_27006,0.0
12367_27009,0.0
12367_27013,0.0
12367_27015,1.0
12367_27016,2.0
12367_27030,50.0
12367_27035,4.0
12367_27045,0.0
12367_27056,0.0
12368_26958,0.0
12368_26959,364.0
12368_26963,5.0
12368_26964,2.0
12368_26965,0.0
12368_26971,1.0
12368_26972,15.0
12368_26973,0.0
12368_26995,10.0
12368_26999,3530.0
12368_27000,571.0
12368_27001,0.0
12368_27002,0.0
12368_27003,48.0
12368_27004,3.0
12368_27016,2.0
12368_27041,123.0
12368_27042,140.0
12368_27056,1.0
12369_26937,20.0
12369_26964,8.0
12369_26965,63.0
12369_26973,24.0
12369_26995,31.0
12369_26997,79.0
12369_26998,9.0
12369_26999,7.0
12369_27000,21.0
12369_27001,0.0
12369_27002,0.0
12369_27003,0.0
12369_27004,22.0
12369_27015,0.0
12369_27037,4.0
12369_27040,6.0
12369_27041,68.0
12369_27042,34.0
12369_27054,0.0
12370_26948,1.0
12370_26959,0.0
12370_26961,469.0
12370_26962,4.0
12370_26963,31.0
12370_26964,196.0
12370_26970,0.0
12370_26985,15.0
12370_26986,31.0
12370_26993,58.0
12370_26994,49.0
12370_26995,1022.0
12370_26996,0.0
12370_26997,5.0
12370_26998,255.0
12370_26999,186.0
12370_27000,57.0
12370_27001,6.0
12370_27002,72.0
12370_27003,110.0
12370_27004,271.0
12370_27010,0.0
12370_27011,1.0
12370_27013,1.0
12370_27014,0.0
12370_27029,7.0
12370_27030,1.0
12370_27031,0.0
12370_27034,0.0
12370_27055,0.0
12370_27056,11.0
12371_26945,0.0
12371_26948,5.0
12371_26949,0.0
12371_26950,0.0
12371_26960,4.0
12371_26961,1.0
12371_26962,52.0
12371_26963,9.0
12371_26964,41.0
12371_26965,104.0
12371_26975,0.0
12371_26991,0.0
12371_26992,4.0
12371_26993,1.0
12371_26994,0.0
12371_26995,0.0
12371_26998,18.0
12371_26999,0.0
12371_27000,8.0
12371_27001,38.0
12371_27003,286.0
12371_27004,35.0
12371_27005,2.0
12371_27007,0.0
12371_27031,13.0
12371_27045,0.0
12371_27056,3.0
12371_27057,28.0
12372_26963,149.0
12372_26964,118.0
12372_26977,11.0
12372_26978,1.0
12372_26987,144.0
12372_26992,1.0
12372_26993,25.0
12372_26998,2.0
12372_27003,0.0
12372_27004,1.0
12372_27006,0.0
12372_27033,1.0
12372_27035,374.0
12372_27037,5.0
12372_27038,2.0
12372_27039,121.0
12372_27053,0.0
12372_27056,3.0
12373_26949,30.0
12373_26955,17.0
12373_26956,0.0
12373_26959,286.0
12373_26960,21.0
12373_26961,0.0
12373_26962,7.0
12373_26963,360.0
12373_26964,2.0
12373_26965,62.0
12373_26978,0.0
12373_26995,0.0
12373_26996,0.0
12373_26998,2.0
12373_27000,0.0
12373_27001,0.0
12373_27002,7.0
12373_27003,1.0
12373_27006,0.0
12373_27008,0.0
12373_27010,0.0
12373_27022,3.0
12373_27031,0.0
12373_27035,3.0
12373_27036,0.0
12373_27038,0.0
12373_27042,3.0
12373_27046,0.0
12373_27047,4.0
12373_27055,0.0
12373_27056,11.0
12374_26955,1.0
12374_26958,3.0
12374_26959,3.0
12374_26961,0.0
12374_26962,0.0
12374_26963,631.0
12374_26967,8.0
12374_26992,0.0
12374_26994,3.0
12374_26998,0.0
12374_27004,2.0
12374_27008,0.0
12374_27031,17.0
12374_27032,1.0
12374_27042,17.0
12374_27055,1281.0
12374_27061,0.0
12374_27062,2.0
12375_26953,0.0
12375_26954,1.0
12375_26955,3.0
12375_26956,0.0
12375_26960,1.0
12375_26961,0.0
12375_26962,146.0
12375_26963,6.0
12375_26964,139.0
12375_26966,3.0
12375_26967,11.0
12375_26968,94.0
12375_26975,1.0
12375_26979,0.0
12375_26987,0.0
12375_26990,29.0
12375_26992,31.0
12375_27013,0.0
12375_27035,5.0
12375_27037,4.0
12375_27046,0.0
12375_27048,1.0
12376_26952,0.0
12376_26953,358.0
12376_26954,178.0
12376_26955,18.0
12376_26956,27.0
12376_26959,93.0
12376_26960,2.0
12376_26961,847.0
12376_26962,0.0
12376_26964,31.0
12376_26965,1980.0
12376_26966,83.0
12376_26967,59.0
12376_26975,51.0
12376_26978,4.0
12376_26982,139.0
12376_26986,0.0
12376_26987,0.0
12376_26989,0.0
12376_26990,0.0
12376_26994,0.0
12376_27000,0.0
12376_27004,0.0
12376_27012,11.0
12376_27013,29.0
12376_27014,119.0
12376_27015,6.0
12376_27016,0.0
12376_27033,0.0
12376_27034,6.0
12376_27035,2.0
12376_27041,0.0
12376_27047,3.0
12377_26940,18.0
12377_26945,0.0
12377_26951,0.0
12377_26952,0.0
12377_26953,342.0
12377_26954,1031.0
12377_26955,0.0
12377_26956,3.0
12377_26957,1939.0
12377_26958,1.0
12377_26959,3083.0
12377_26961,724.0
12377_26962,56.0
12377_26963,458.0
12377_26964,1.0
12377_26965,586.0
12377_26966,11.0
12377_26967,140.0
12377_26968,6.0
12377_26972,40.0
12377_26975,0.0
12377_26977,0.0
12377_26981,2.0
12377_26983,22.0
12377_26986,409.0
12377_26990,1.0
12377_26991,0.0
12377_26996,5.0
12377_27000,0.0
12377_27001,0.0
12377_27011,0.0
12377_27018,0.0
12377_27020,6.0
12377_27021,93.0
12377_27043,20.0
12377_27047,58.0
12377_27048,0.0
12377_27056,5.0
12378_26945,2.0
12378_26949,0.0
12378_26951,0.0
12378_26952,199.0
12378_26954,25.0
12378_26955,29.0
12378_26957,22.0
12378_26958,0.0
12378_26959,1123.0
12378_26960,156.0
12378_26961,92.0
12378_26962,6815.0
12378_26963,8205.0
12378_26964,7494.0
12378_26965,629.0
12378_26966,1343.0
12378_26967,3.0
12378_26968,2.0
12378_26969,2.0
12378_26973,0.0
12378_26974,141.0
12378_26975,3.0
12378_26979,2.0
12378_26981,628.0
12378_26982,2.0
12378_26983,68.0
12378_26984,1.0
12378_26999,18.0
12378_27001,32.0
12378_27003,0.0
12378_27020,14.0
12378_27043,165.0
12378_27044,349.0
12378_27048,21.0
12378_27057,0.0
12378_27058,4.0
12379_26947,7.0
12379_26951,2.0
12379_26952,13.0
12379_26956,0.0
12379_26957,45.0
12379_26959,4.0
12379_26960,6.0
12379_26961,305.0
12379_26962,3976.0
12379_26963,9770.0
12379_26964,7024.0
12379_26965,2926.0
12379_26966,517.0
12379_26967,0.0
12379_26968,0.0
12379_26969,22.0
12379_26971,136.0
12379_26973,12.0
12379_26974,1.0
12379_26975,62.0
12379_26977,0.0
12379_26978,0.0
12379_26979,87.0
12379_26982,0.0
12379_26986,99.0
12379_26989,4.0
12379_26991,0.0
12379_26998,0.0
12379_26999,1.0
12379_27000,0.0
12379_27001,67.0
12379_27002,44.0
12379_27003,0.0
12379_27007,75.0
12379_27008,0.0
12379_27010,5.0
12379_27013,0.0
12379_27019,1.0
12379_27040,0.0
12379_27048,5.0
12379_27049,2.0
12379_27051,0.0
12379_27056,0.0
12379_27058,0.0
12379_27062,0.0
12380_26933,235.0
12380_26952,150.0
12380_26959,4.0
12380_26960,22.0
12380_26961,185.0
12380_26962,2847.0
12380_26963,50521.0
12380_26964,4258.0
12380_26965,3200.0
12380_26967,1476.0
12380_26968,19.0
12380_26969,8.0
12380_26971,17.0
12380_26973,0.0
12380_26974,55.0
12380_26975,62.0
12380_26976,29.0
12380_26977,0.0
12380_26978,8.0
12380_26979,0.0
12380_26981,413.0
12380_26983,65.0
12380_26984,31.0
12380_26986,289.0
12380_26987,0.0
12380_26988,77.0
12380_26989,43.0
12380_26992,0.0
12380_26993,68.0
12380_26994,0.0
12380_26995,0.0
12380_26996,48.0
12380_26997,0.0
12380_26998,2.0
12380_26999,7.0
12380_27000,0.0
12380_27001,1112.0
12380_27002,138.0
12380_27003,157.0
12380_27006,0.0
12380_27008,3.0
12380_27010,1.0
12380_27034,1.0
12380_27046,29.0
12380_27050,8.0
12380_27051,44.0
12380_27052,0.0
12380_27055,2.0
12380_27056,52.0
12381_26933,26.0
12381_26948,17.0
12381_26956,1.0
12381_26958,0.0
12381_26959,13.0
12381_26960,37.0
12381_26961,76.0
12381_26962,201.0
12381_26963,260.0
12381_26964,1454.0
12381_26965,4.0
12381_26967,5.0
12381_26968,0.0
12381_26971,19.0
12381_26972,0.0
12381_26973,0.0
12381_26974,0.0
12381_26975,0.0
12381_26978,6.0
12381_26979,0.0
12381_26980,1.0
12381_26982,2.0
12381_26983,1026.0
12381_26984,49.0
12381_26985,0.0
12381_26986,0.0
12381_26988,0.0
12381_26998,0.0
12381_27000,22.0
12381_27001,318.0
12381_27002,36.0
12381_27003,17.0
12381_27007,3.0
12381_27008,153.0
12381_27037,1.0
12381_27038,0.0
12381_27052,8.0
12381_27053,18.0
12381_27055,1.0
12381_27057,0.0
12381_27061,0.0
12381_27062,0.0
12381_27063,2.0
12381_27065,14.0
12382_26932,0.0
12382_26944,3.0
12382_26956,1359.0
12382_26959,2.0
12382_26960,80.0
12382_26962,4.0
12382_26963,34.0
12382_26964,26.0
12382_26965,0.0
12382_26966,83.0
12382_26967,34.0
12382_26968,3.0
12382_26971,0.0
12382_26978,0.0
12382_26979,14.0
12382_26984,8.0
12382_26995,0.0
12382_26997,3.0
12382_26998,3.0
12382_27000,0.0
12382_27001,0.0
12382_27002,47.0
12382_27005,0.0
12382_27007,0.0
12382_27008,95.0
12382_27010,0.0
12382_27011,10.0
12382_27012,0.0
12382_27015,0.0
12382_27021,27.0
12382_27033,1.0
12382_27034,77.0
12382_27043,1.0
12382_27047,8.0
12382_27060,12.0
12382_27063,16.0
12383_26944,7.0
12383_26945,5.0
12383_26947,12.0
12383_26953,6.0
12383_26955,38.0
12383_26956,75.0
12383_26957,60.0
12383_26958,25.0
12383_26959,1.0
12383_26960,3.0
12383_26961,74.0
12383_26962,11.0
12383_26963,34.0
12383_26964,59.0
12383_26965,0.0
12383_26966,95.0
12383_26967,0.0
12383_26968,0.0
12383_26977,1.0
12383_26978,48.0
12383_26979,165.0
12383_26980,86.0
12383_26983,9.0
12383_26985,0.0
12383_26988,0.0
12383_26989,46.0
12383_26997,13.0
12383_26998,0.0
12383_27000,7.0
12383_27001,371.0
12383_27002,22.0
12383_27004,18.0
12383_27005,0.0
12383_27008,0.0
12383_27014,1.0
12383_27016,71.0
12383_27033,31.0
12383_27034,155.0
12383_27038,4.0
12383_27039,18.0
12383_27043,6.0
12383_27047,4.0
12383_27050,0.0
12383_27056,0.0
12383_27057,6.0
12383_27059,16.0
12383_27060,16.0
12383_27061,25.0
12383_27062,248.0
12383_27063,183.0
12384_26947,4.0
12384_26948,6.0
12384_26955,0.0
12384_26956,25.0
12384_26957,29.0
12384_26963,1.0
12384_26970,0.0
12384_26974,211.0
12384_26976,108.0
12384_26977,4117.0
12384_26978,501.0
12384_26979,1416.0
12384_26980,26.0
12384_26982,53.0
12384_26984,83.0
12384_26985,0.0
12384_26987,1.0
12384_26988,97.0
12384_26989,7.0
12384_26992,4.0
12384_26993,353.0
12384_26997,0.0
12384_26998,12.0
12384_26999,0.0
12384_27000,35.0
12384_27001,1908.0
12384_27002,0.0
12384_27003,1.0
12384_27004,8.0
12384_27005,15.0
12384_27007,0.0
12384_27014,16.0
12384_27024,18.0
12384_27043,1.0
12384_27053,4.0
12384_27055,72.0
12384_27056,0.0
12384_27057,0.0
12384_27060,966.0
12384_27063,2.0
12385_26947,0.0
12385_26948,65.0
12385_26951,2.0
12385_26959,46.0
12385_26961,11.0
12385_26964,8.0
12385_26965,962.0
12385_26966,680.0
12385_26967,152.0
12385_26969,0.0
12385_26971,93.0
12385_26972,9.0
12385_26977,1.0
12385_26978,12.0
12385_26979,73.0
12385_26980,0.0
12385_26981,1.0
12385_26982,0.0
12385_26984,0.0
12385_26987,550.0
12385_26988,7.0
12385_26998,1.0
12385_26999,839.0
12385_27000,573.0
12385_27001,1663.0
12385_27002,0.0
12385_27003,32.0
12385_27004,2.0
12385_27005,88.0
12385_27006,12.0
12385_27007,0.0
12385_27017,0.0
12385_27020,0.0
12385_27026,0.0
12385_27031,0.0
12385_27034,3.0
12385_27039,0.0
12385_27043,32.0
12385_27044,3.0
12385_27046,0.0
12385_27047,0.0
12385_27048,5.0
12385_27052,0.0
12385_27053,10.0
12385_27060,12.0
12385_27061,0.0
12385_27062,12.0
12386_26930,3.0
12386_26945,30.0
12386_26955,3.0
12386_26961,1.0
12386_26963,77.0
12386_26964,1.0
12386_26965,51.0
12386_26966,24.0
12386_26967,33.0
12386_26968,12.0
12386_26969,4.0
12386_26970,0.0
12386_26974,6.0
12386_26977,0.0
12386_26979,5.0
12386_26980,84.0
12386_26981,157.0
12386_26982,5.0
12386_26983,6.0
12386_26992,11.0
12386_26993,18.0
12386_26997,0.0
12386_26998,5.0
12386_27000,26.0
12386_27002,82.0
12386_27005,0.0
12386_27006,0.0
12386_27013,0.0
12386_27016,197.0
12386_27017,149.0
12386_27022,0.0
12386_27031,0.0
12386_27036,0.0
12386_27037,19.0
12386_27040,0.0
12386_27041,11.0
12386_27042,5.0
12386_27043,330.0
12386_27044,19.0
12386_27045,7.0
12386_27046,1.0
12386_27056,5.0
12386_27060,16.0
12386_27062,7.0
12387_26954,0.0
12387_26957,3.0
12387_26958,1.0
12387_26965,17.0
12387_26966,1.0
12387_26967,1094.0
12387_26968,4730.0
12387_26969,821.0
12387_26970,28.0
12387_26971,15.0
12387_26976,0.0
12387_26977,858.0
12387_26978,0.0
12387_26979,4.0
12387_26980,0.0
12387_26981,616.0
12387_26983,2.0
12387_26985,0.0
12387_26987,8.0
12387_26989,0.0
12387_26990,0.0
12387_26992,5.0
12387_26993,18.0
12387_26997,0.0
12387_26998,1.0
12387_27000,7.0
12387_27002,2.0
12387_27004,0.0
12387_27005,0.0
12387_27007,25.0
12387_27010,0.0
12387_27015,6.0
12387_27016,537.0
12387_27017,156.0
12387_27018,5.0
12387_27019,0.0
12387_27020,36.0
12387_27022,23.0
12387_27023,0.0
12387_27024,308.0
12387_27025,52.0
12387_27027,10.0
12387_27028,12.0
12387_27037,1.0
12387_27038,144.0
12387_27041,477.0
12387_27042,140.0
12387_27043,1554.0
12387_27044,756.0
12387_27045,24.0
12387_27049,0.0
12387_27050,3.0
12387_27052,12.0
12387_27053,0.0
12388_26943,0.0
12388_26954,4557.0
12388_26955,1.0
12388_26960,25.0
12388_26962,6.0
12388_26963,0.0
12388_26964,26.0
12388_26965,30.0
12388_26966,1.0
12388_26967,1087.0
12388_26968,678.0
12388_26969,68.0
12388_26971,4.0
12388_26973,4.0
12388_26976,112.0
12388_26977,12.0
12388_26980,1.0
12388_26981,97.0
12388_26982,2.0
12388_26987,0.0
12388_26988,57.0
12388_26989,0.0
12388_26992,4.0
12388_26993,33.0
12388_26994,0.0
12388_26996,33.0
12388_26997,31.0
12388_26998,985.0
12388_26999,164.0
12388_27000,133.0
12388_27001,343.0
12388_27002,229.0
12388_27005,10.0
12388_27006,104.0
12388_27008,0.0
12388_27009,62.0
12388_27010,6.0
12388_27013,135.0
12388_27014,0.0
12388_27020,1.0
12388_27028,0.0
12388_27033,4.0
12388_27034,86.0
12388_27035,13.0
12388_27037,2.0
12388_27039,14.0
12388_27040,6.0
12388_27041,3756.0
12388_27042,1232.0
12388_27043,4109.0
12388_27044,1524.0
12388_27047,0.0
12388_27048,0.0
12388_27049,0.0
12388_27050,0.0
12388_27051,132.0
12388_27052,22.0
12389_26941,2.0
12389_26942,4.0
12389_26954,1326.0
12389_26955,103.0
12389_26959,0.0
12389_26960,0.0
12389_26965,18.0
12389_26966,125.0
12389_26967,0.0
12389_26968,0.0
12389_26974,0.0
12389_26975,1.0
12389_26977,994.0
12389_26978,0.0
12389_26979,0.0
12389_26980,533.0
12389_26981,23.0
12389_26982,108.0
12389_26985,0.0
12389_26987,31.0
12389_26989,0.0
12389_26990,244.0
12389_26991,51.0
12389_26992,29.0
12389_26993,15.0
12389_26994,2.0
12389_26995,2270.0
12389_26996,6.0
12389_26997,43.0
12389_26998,62.0
12389_26999,930.0
12389_27000,6566.0
12389_27001,2934.0
12389_27002,4149.0
12389_27003,0.0
12389_27004,1082.0
12389_27005,543.0
12389_27006,136.0
12389_27007,15.0
12389_27008,167.0
12389_27009,69.0
12389_27010,80.0
12389_27014,6.0
12389_27015,4.0
12389_27016,868.0
12389_27017,0.0
12389_27035,7.0
12389_27036,1.0
12389_27038,0.0
12389_27040,11.0
12389_27041,240.0
12389_27042,2645.0
12389_27043,1105.0
12389_27044,390.0
12389_27045,3.0
12389_27049,0.0
12389_27050,1.0
12390_26952,13.0
12390_26953,2.0
12390_26956,0.0
12390_26958,1.0
12390_26959,2.0
12390_26960,29.0
12390_26961,284.0
12390_26962,0.0
12390_26964,10.0
12390_26965,56.0
12390_26966,1670.0
12390_26967,0.0
12390_26969,0.0
12390_26970,0.0
12390_26971,19.0
12390_26972,2.0
12390_26977,52.0
12390_26978,96.0
12390_26979,626.0
12390_26980,18.0
12390_26981,2.0
12390_26982,2.0
12390_26987,0.0
12390_26989,14.0
12390_26991,634.0
12390_26993,0.0
12390_26995,0.0
12390_26997,14.0
12390_26998,559.0
12390_26999,841.0
12390_27000,11595.0
12390_27001,66883.0
12390_27002,177.0
12390_27003,607.0
12390_27005,697.0
12390_27006,35.0
12390_27008,64.0
12390_27009,76.0
12390_27010,2.0
12390_27011,71.0
12390_27012,0.0
12390_27014,3.0
12390_27016,309.0
12390_27017,47.0
12390_27026,0.0
12390_27027,1.0
12390_27033,4.0
12390_27038,0.0
12390_27041,46.0
12390_27043,0.0
12390_27044,7.0
12390_27048,0.0
12390_27049,2.0
12390_27050,0.0
12391_26934,13.0
12391_26955,0.0
12391_26958,0.0
12391_26960,81.0
12391_26961,2.0
12391_26962,42.0
12391_26965,6.0
12391_26966,20.0
12391_26967,37.0
12391_26968,7.0
12391_26969,3.0
12391_26970,0.0
12391_26971,4.0
12391_26972,3.0
12391_26973,6.0
12391_26974,512.0
12391_26975,1089.0
12391_26976,0.0
12391_26977,491.0
12391_26978,606.0
12391_26979,5254.0
12391_26980,495.0
12391_26981,75.0
12391_26982,306.0
12391_26983,971.0
12391_26984,1.0
12391_26985,2.0
12391_26987,0.0
12391_26990,6.0
12391_26991,731.0
12391_26992,504.0
12391_26993,54.0
12391_26995,0.0
12391_26996,0.0
12391_26997,1590.0
12391_26998,80.0
12391_26999,172.0
12391_27000,2350.0
12391_27001,1856.0
12391_27002,1060.0
12391_27003,328.0
12391_27004,4.0
12391_27010,2.0
12391_27014,121.0
12391_27015,207.0
12391_27040,0.0
12391_27043,0.0
12392_26950,334.0
12392_26951,54.0
12392_26955,28.0
12392_26956,0.0
12392_26960,915.0
12392_26961,7.0
12392_26963,38.0
12392_26966,11.0
12392_26967,182.0
12392_26968,152.0
12392_26969,17.0
12392_26970,1.0
12392_26971,1.0
12392_26972,0.0
12392_26973,0.0
12392_26974,13.0
12392_26975,6008.0
12392_26976,40.0
12392_26977,42.0
12392_26978,236.0
12392_26979,414.0
12392_26980,175.0
12392_26981,92.0
12392_26982,1.0
12392_26983,80.0
12392_26985,0.0
12392_26988,4334.0
12392_26990,0.0
12392_26991,3351.0
12392_26992,3734.0
12392_26993,29.0
12392_26995,0.0
12392_26997,0.0
12392_26998,38.0
12392_26999,0.0
12392_27000,29.0
12392_27001,600.0
12392_27002,4910.0
12392_27003,3.0
12392_27004,32.0
12392_27005,82.0
12392_27006,341.0
12392_27011,0.0
12392_27014,15.0
12392_27015,71.0
12392_27016,0.0
12392_27017,0.0
12392_27043,5.0
12392_27044,0.0
12392_27051,3.0
12393_26950,520.0
12393_26951,299.0
12393_26952,27.0
12393_26953,0.0
12393_26956,12.0
12393_26957,97.0
12393_26959,349.0
12393_26960,133.0
12393_26961,981.0
12393_26963,426.0
12393_26964,1.0
12393_26965,0.0
12393_26966,672.0
12393_26967,56.0
12393_26968,11462.0
12393_26969,254.0
12393_26970,3.0
12393_26971,10.0
12393_26972,2.0
12393_26974,24.0
12393_26975,1002.0
12393_26976,2442.0
12393_26977,12.0
12393_26978,2.0
12393_26979,2652.0
12393_26980,1812.0
12393_26981,4.0
12393_26982,10.0
12393_26983,0.0
12393_26984,0.0
12393_26985,0.0
12393_26987,466.0
12393_26988,5433.0
12393_26989,2387.0
12393_26990,379.0
12393_26991,19707.0
12393_26992,818.0
12393_26993,228.0
12393_26994,2.0
12393_26995,0.0
12393_26999,5.0
12393_27000,2.0
12393_27001,2823.0
12393_27002,568.0
12393_27003,0.0
12393_27004,1.0
12393_27005,28.0
12393_27006,7.0
12393_27011,99.0
12393_27012,347.0
12393_27013,198.0
12393_27014,4.0
12393_27018,0.0
12393_27032,2.0
12393_27046,1.0
12394_26936,0.0
12394_26949,54.0
12394_26950,0.0
12394_26951,0.0
12394_26952,1.0
12394_26953,1412.0
12394_26954,26.0
12394_26956,28.0
12394_26958,909.0
12394_26960,0.0
12394_26961,7.0
12394_26962,1.0
12394_26963,1.0
12394_26965,46.0
12394_26967,107.0
12394_26968,6399.0
12394_26969,676.0
12394_26970,496.0
12394_26971,4.0
12394_26972,299.0
12394_26973,3612.0
12394_26974,2.0
12394_26975,5.0
12394_26976,19.0
12394_26979,121.0
12394_26980,92.0
12394_26981,0.0
12394_26982,6.0
12394_26983,6.0
12394_26985,7.0
12394_26986,14.0
12394_26987,8.0
12394_26989,21.0
12394_26990,29927.0
12394_26991,1126.0
12394_26992,64.0
12394_26993,0.0
12394_26994,0.0
12394_26997,8.0
12394_26999,0.0
12394_27000,1.0
12394_27002,93.0
12394_27003,29.0
12394_27004,19.0
12394_27005,105.0
12394_27006,53.0
12394_27007,205.0
12394_27009,111.0
12394_27010,85.0
12394_27011,15.0
12394_27022,2.0
12394_27023,1.0
12394_27028,0.0
12394_27033,5.0
12394_27038,0.0
12394_27042,6.0
12394_27043,19.0
12395_26952,24.0
12395_26953,3.0
12395_26956,88.0
12395_26957,0.0
12395_26958,0.0
12395_26959,4.0
12395_26961,0.0
12395_26962,0.0
12395_26963,114.0
12395_26964,107.0
12395_26965,113.0
12395_26966,82.0
12395_26968,7.0
12395_26969,2621.0
12395_26970,423.0
12395_26971,11125.0
12395_26972,10029.0
12395_26973,6435.0
12395_26974,11424.0
12395_26975,2004.0
12395_26976,9.0
12395_26977,8.0
12395_26978,562.0
12395_26979,144.0
12395_26980,8.0
12395_26981,60.0
12395_26982,133.0
12395_26983,5.0
12395_26986,271.0
12395_26988,2700.0
12395_26989,25.0
12395_26990,11866.0
12395_26991,3166.0
12395_26992,48.0
12395_26993,146.0
12395_26994,1.0
12395_26995,1183.0
12395_26996,4502.0
12395_27000,1.0
12395_27001,5.0
12395_27002,313.0
12395_27003,0.0
12395_27004,2.0
12395_27007,197.0
12395_27009,58.0
12395_27010,0.0
12395_27011,0.0
12395_27017,4.0
12395_27023,0.0
12395_27025,0.0
12395_27026,11.0
12395_27034,9.0
12395_27038,0.0
12395_27039,3.0
12395_27042,3.0
12396_26916,0.0
12396_26950,0.0
12396_26951,56.0
12396_26952,12.0
12396_26953,1.0
12396_26954,41.0
12396_26955,0.0
12396_26956,348.0
12396_26957,0.0
12396_26958,0.0
12396_26961,0.0
12396_26962,71.0
12396_26963,5.0
12396_26964,4618.0
12396_26965,0.0
12396_26966,194.0
12396_26967,54.0
12396_26969,93.0
12396_26970,946.0
12396_26971,33181.0
12396_26972,46997.0
12396_26973,5315.0
12396_26974,3607.0
12396_26975,639.0
12396_26976,3.0
12396_26978,15.0
12396_26979,8148.0
12396_26980,801.0
12396_26981,8449.0
12396_26982,479.0
12396_26985,0.0
12396_26989,99.0
12396_26990,81.0
12396_26991,269.0
12396_26992,75.0
12396_26993,255.0
12396_26994,4.0
12396_26995,1005.0
12396_26996,460.0
12396_26997,93.0
12396_26998,1.0
12396_26999,127.0
12396_27002,104.0
12396_27005,1.0
12396_27006,0.0
12396_27007,283.0
12396_27008,25.0
12396_27009,116.0
12396_27010,6.0
12396_27017,0.0
12396_27031,0.0
12396_27038,9.0
12397_26917,4.0
12397_26945,121.0
12397_26950,3.0
12397_26951,39.0
12397_26952,3.0
12397_26956,1.0
12397_26957,1.0
12397_26960,19.0
12397_26961,24.0
12397_26962,506.0
12397_26963,5.0
12397_26964,2032.0
12397_26965,240.0
12397_26966,0.0
12397_26967,381.0
12397_26969,707.0
12397_26970,1770.0
12397_26971,1721.0
12397_26972,220.0
12397_26973,19030.0
12397_26974,1963.0
12397_26975,227.0
12397_26976,100.0
12397_26977,0.0
12397_26978,500.0
12397_26979,42425.0
12397_26980,160.0
12397_26981,4053.0
12397_26982,382.0
12397_26986,0.0
12397_26990,1333.0
12397_26991,11666.0
12397_26992,1519.0
12397_26993,491.0
12397_26994,697.0
12397_26995,933.0
12397_26997,221.0
12397_26999,1.0
12397_27000,6.0
12397_27001,66.0
12397_27002,10.0
12397_27003,0.0
12397_27009,18.0
12397_27016,7.0
12397_27017,46.0
12397_27018,0.0
12397_27033,56.0
12397_27034,5.0
12397_27038,0.0
12398_26941,0.0
12398_26945,0.0
12398_26952,1.0
12398_26953,1.0
12398_26954,137.0
12398_26955,402.0
12398_26957,65.0
12398_26958,725.0
12398_26961,1.0
12398_26964,141.0
12398_26965,1.0
12398_26968,0.0
12398_26970,1673.0
12398_26976,151.0
12398_26977,0.0
12398_26978,4.0
12398_26979,68146.0
12398_26980,854.0
12398_26981,302.0
12398_26984,2.0
12398_26986,0.0
12398_26987,1.0
12398_26989,0.0
12398_26990,888.0
12398_26991,702.0
12398_26993,419.0
12398_26994,2641.0
12398_26995,2504.0
12398_26996,3.0
12398_26997,1930.0
12398_26998,4070.0
12398_26999,2.0
12398_27000,36.0
12398_27002,78.0
12398_27006,0.0
12398_27010,0.0
12398_27011,0.0
12398_27016,0.0
12398_27027,0.0
12398_27031,3.0
12398_27033,17.0
12398_27034,30.0
12399_26940,30.0
12399_26951,631.0
12399_26952,70.0
12399_26956,2.0
12399_26957,6.0
12399_26958,0.0
12399_26959,34.0
12399_26960,26.0
12399_26961,0.0
12399_26963,109.0
12399_26964,1187.0
12399_26965,235.0
12399_26966,1086.0
12399_26967,791.0
12399_26968,81.0
12399_26969,10331.0
12399_26970,6620.0
12399_26971,695.0
12399_26972,5141.0
12399_26973,1701.0
12399_26974,1203.0
12399_26975,5.0
12399_26978,3037.0
12399_26979,3264.0
12399_26980,271.0
12399_26981,15217.0
12399_26982,841.0
12399_26984,7.0
12399_26986,68.0
12399_26991,35.0
12399_26993,3240.0
12399_26995,6440.0
12399_26996,12096.0
12399_26997,1036.0
12399_26998,515.0
12399_27000,4.0
12399_27002,20.0
12399_27006,0.0
12399_27010,0.0
12399_27012,0.0
12399_27032,4.0
12399_27033,2.0
12399_27034,0.0
12400_26896,0.0
12400_26939,29.0
12400_26940,6.0
12400_26946,52.0
12400_26956,63.0
12400_26957,0.0
12400_26958,1724.0
12400_26959,297.0
12400_26960,1879.0
12400_26961,219.0
12400_26962,8.0
12400_26963,527.0
12400_26964,11.0
12400_26965,184.0
12400_26966,271.0
12400_26967,824.0
12400_26968,1730.0
12400_26969,7213.0
12400_26970,2711.0
12400_26971,198.0
12400_26972,11932.0
12400_26973,4491.0
12400_26974,1431.0
12400_26975,17780.0
12400_26978,179.0
12400_26979,7136.0
12400_26980,17445.0
12400_26981,3809.0
12400_26982,84.0
12400_26984,9.0
12400_26985,1513.0
12400_26986,453.0
12400_26987,6451.0
12400_26988,170.0
12400_26989,1.0
12400_26990,57.0
12400_26991,547.0
12400_26993,53.0
12400_26994,2927.0
12400_26995,5342.0
12400_26996,869.0
12400_26997,572.0
12400_26998,331.0
12400_26999,0.0
12400_27000,9.0
12400_27002,1.0
12400_27003,11.0
12400_27006,7.0
12400_27007,35.0
12400_27010,0.0
12400_27015,3.0
12400_27016,0.0
12401_26896,35.0
12401_26929,0.0
12401_26932,45.0
12401_26933,6.0
12401_26957,5.0
12401_26958,186.0
12401_26959,3.0
12401_26960,22.0
12401_26961,213.0
12401_26962,4.0
12401_26963,0.0
12401_26964,97.0
12401_26965,3.0
12401_26966,61.0
12401_26967,7667.0
12401_26968,5460.0
12401_26969,1729.0
12401_26970,26122.0
12401_26971,2982.0
12401_26972,93591.0
12401_26973,7347.0
12401_26974,12241.0
12401_26975,6989.0
12401_26976,0.0
12401_26978,171.0
12401_26979,16672.0
12401_26980,15335.0
12401_26981,6100.0
12401_26982,138.0
12401_26983,9.0
12401_26984,1.0
12401_26985,29.0
12401_26986,25.0
12401_26987,328.0
12401_26988,3145.0
12401_26989,70.0
12401_26990,637.0
12401_26991,1296.0
12401_26992,84.0
12401_26996,9.0
12401_26997,1.0
12401_26998,45.0
12401_26999,524.0
12401_27000,2.0
12401_27002,73.0
12401_27003,756.0
12401_27010,0.0
12401_27012,22.0
12401_27014,7.0
12401_27015,26.0
12402_26927,1.0
12402_26934,303.0
12402_26946,172.0
12402_26961,14.0
12402_26962,1.0
12402_26963,21.0
12402_26964,4.0
12402_26965,0.0
12402_26966,1815.0
12402_26967,5883.0
12402_26968,267.0
12402_26969,4184.0
12402_26970,25806.0
12402_26971,131.0
12402_26972,3057.0
12402_26973,179.0
12402_26974,4.0
12402_26979,3805.0
12402_26980,815.0
12402_26981,2768.0
12402_26982,1131.0
12402_26983,814.0
12402_26984,9296.0
12402_26985,66.0
12402_26987,124.0
12402_26988,3610.0
12402_26989,1061.0
12402_26990,75.0
12402_26991,4.0
12402_26993,0.0
12402_26995,1.0
12402_26997,1.0
12402_27002,0.0
12403_26925,16.0
12403_26926,34.0
12403_26927,0.0
12403_26935,11.0
12403_26966,10994.0
12403_26967,79.0
12403_26968,17.0
12403_26969,3.0
12403_26970,423.0
12403_26971,1764.0
12403_26973,2720.0
12403_26975,934.0
12403_26976,0.0
12403_26977,0.0
12403_26979,156.0
12403_26980,7.0
12403_26982,195.0
12403_26983,2807.0
12403_26984,5935.0
12403_26985,215.0
12403_26986,0.0
12403_26987,26.0
12403_26988,1.0
12403_26989,131.0
12403_26990,292.0
12403_26991,840.0
12403_26992,303.0
12403_26993,375.0
12403_26994,17.0
12403_26998,2.0
12403_27003,25.0
12403_27004,0.0
12403_27008,0.0
12404_26933,6.0
12404_26935,0.0
12404_26936,0.0
12404_26939,1.0
12404_26943,34.0
12404_26945,99.0
12404_26950,52.0
12404_26951,23.0
12404_26952,2.0
12404_26953,14.0
12404_26960,306.0
12404_26964,2.0
12404_26965,569.0
12404_26966,282.0
12404_26967,766.0
12404_26968,137.0
12404_26969,16.0
12404_26970,629.0
12404_26971,2310.0
12404_26972,720.0
12404_26973,5183.0
12404_26974,36276.0
12404_26975,6852.0
12404_26976,13966.0
12404_26977,82.0
12404_26978,24076.0
12404_26979,52186.0
12404_26980,2059.0
12404_26981,0.0
12404_26982,2.0
12404_26983,7613.0
12404_26984,78274.0
12404_26985,13662.0
12404_26986,736.0
12404_26987,103.0
12404_26988,206.0
12404_26989,173.0
12404_26990,3359.0
12404_26991,0.0
12404_26992,1443.0
12404_26993,181.0
12404_26994,2.0
12404_26995,0.0
12404_26996,615.0
12404_26999,0.0
12404_27000,0.0
12404_27001,4.0
12404_27002,50.0
12404_27008,0.0
12404_27010,0.0
12405_26909,329.0
12405_26918,0.0
12405_26921,18.0
12405_26922,0.0
12405_26924,21.0
12405_26937,1.0
12405_26942,0.0
12405_26944,54.0
12405_26950,36.0
12405_26951,39.0
12405_26958,0.0
12405_26959,3566.0
12405_26960,230.0
12405_26961,72.0
12405_26962,212.0
12405_26963,10.0
12405_26964,868.0
12405_26965,96.0
12405_26966,432.0
12405_26967,2462.0
12405_26968,15112.0
12405_26969,5868.0
12405_26970,5021.0
12405_26971,1512.0
12405_26972,50938.0
12405_26973,16620.0
12405_26974,31938.0
12405_26976,12415.0
12405_26977,50109.0
12405_26978,60473.0
12405_26979,53042.0
12405_26980,13400.0
12405_26981,1259.0
12405_26982,1.0
12405_26983,9144.0
12405_26984,133091.0
12405_26985,112462.0
12405_26986,17806.0
12405_26987,5893.0
12405_26988,1798.0
12405_26989,146.0
12405_26990,58.0
12405_26991,1.0
12405_26993,5.0
12405_26994,421.0
12405_26995,0.0
12405_26996,11.0
12405_26997,52.0
12405_27001,17.0
12405_27002,0.0
12405_27003,41.0
12405_27005,1.0
12405_27009,0.0
12405_27010,2.0
12406_26895,28.0
12406_26909,3.0
12406_26910,0.0
12406_26920,8.0
12406_26938,34.0
12406_26939,0.0
12406_26945,0.0
12406_26946,0.0
12406_26947,312.0
12406_26948,0.0
12406_26949,12.0
12406_26950,0.0
12406_26958,4.0
12406_26959,530.0
12406_26960,6281.0
12406_26961,4483.0
12406_26962,3.0
12406_26964,1.0
12406_26965,342.0
12406_26967,74.0
12406_26968,197.0
12406_26969,32320.0
12406_26970,2255.0
12406_26971,23892.0
12406_26972,309512.0
12406_26973,7764.0
12406_26974,11508.0
12406_26975,19990.0
12406_26976,4479.0
12406_26977,6588.0
12406_26978,19326.0
12406_26979,54914.0
12406_26980,56588.0
12406_26981,42648.0
12406_26982,39.0
12406_26983,12909.0
12406_26984,100340.0
12406_26985,87451.0
12406_26986,39753.0
12406_26987,3291.0
12406_26988,1135.0
12406_26989,88.0
12406_26993,0.0
12406_26994,279.0
12406_26996,0.0
12406_26997,1.0
12406_26998,0.0
12406_26999,32.0
12406_27003,0.0
12406_27004,24.0
12406_27005,4.0
12406_27006,1.0
12406_27011,1.0
12407_26916,57.0
12407_26918,0.0
12407_26919,1.0
12407_26938,58.0
12407_26940,1.0
12407_26945,32.0
12407_26946,0.0
12407_26947,105.0
12407_26948,5.0
12407_26949,160.0
12407_26950,0.0
12407_26960,435.0
12407_26962,1.0
12407_26963,2178.0
12407_26964,2.0
12407_26965,890.0
12407_26967,0.0
12407_26968,7.0
12407_26969,39284.0
12407_26970,242710.0
12407_26971,27363.0
12407_26972,13283.0
12407_26973,3180.0
12407_26974,19507.0
12407_26975,76213.0
12407_26977,8365.0
12407_26978,252.0
12407_26979,31002.0
12407_26980,36587.0
12407_26981,25086.0
12407_26982,43.0
12407_26983,10521.0
12407_26984,27536.0
12407_26985,28635.0
12407_26986,25613.0
12407_26987,21274.0
12407_26988,52.0
12407_26989,2.0
12407_26991,0.0
12407_26993,0.0
12407_26994,0.0
12407_26997,76.0
12407_26998,0.0
12407_26999,1.0
12407_27001,1.0
12407_27002,7.0
12407_27003,0.0
12407_27004,71.0
12407_27005,0.0
12407_27006,0.0
12407_27007,1.0
12408_26895,0.0
12408_26909,247.0
12408_26913,3.0
12408_26914,42.0
12408_26915,62.0
12408_26916,36.0
12408_26940,11.0
12408_26941,8.0
12408_26942,46.0
12408_26944,0.0
12408_26945,23.0
12408_26946,319.0
12408_26947,49.0
12408_26950,22.0
12408_26953,8.0
12408_26957,1.0
12408_26958,0.0
12408_26960,35.0
12408_26961,105.0
12408_26962,21.0
12408_26963,2697.0
12408_26964,310.0
12408_26965,318.0
12408_26966,0.0
12408_26967,1975.0
12408_26968,55985.0
12408_26969,11489.0
12408_26970,125679.0
12408_26971,58779.0
12408_26972,25643.0
12408_26973,47681.0
12408_26974,7716.0
12408_26975,72572.0
12408_26977,17841.0
12408_26978,23019.0
12408_26979,16285.0
12408_26980,61064.0
12408_26981,109411.0
12408_26982,59397.0
12408_26983,31.0
12408_26984,9545.0
12408_26985,58713.0
12408_26986,85590.0
12408_26987,4155.0
12408_26988,1042.0
12408_26989,6.0
12408_26990,32.0
12408_26991,37.0
12408_26992,54.0
12408_26993,15.0
12408_26999,6.0
12408_27004,48.0
12408_27005,0.0
12408_27007,1.0
12409_26891,0.0
12409_26912,75.0
12409_26913,0.0
12409_26914,0.0
12409_26916,2.0
12409_26936,16.0
12409_26941,0.0
12409_26946,2.0
12409_26950,0.0
12409_26951,866.0
12409_26953,66.0
12409_26954,1.0
12409_26960,198.0
12409_26961,3106.0
12409_26962,1.0
12409_26963,5.0
12409_26964,670.0
12409_26965,39.0
12409_26966,13.0
12409_26967,2199.0
12409_26968,634.0
12409_26969,26432.0
12409_26970,41018.0
12409_26971,102292.0
12409_26972,27880.0
12409_26973,21827.0
12409_26974,8844.0
12409_26975,26536.0
12409_26978,11394.0
12409_26979,40720.0
12409_26980,42505.0
12409_26981,26833.0
12409_26982,51737.0
12409_26983,59075.0
12409_26984,10812.0
12409_26985,1500.0
12409_26986,37195.0
12409_26987,7319.0
12409_26988,209.0
12409_26989,15.0
12409_26990,1925.0
12409_26991,114.0
12409_26992,201.0
12409_26993,85.0
12409_26994,1.0
12409_26996,107.0
12409_26997,42.0
12409_26999,1.0
12409_27002,8.0
12409_27004,38.0
12409_27006,6.0
12409_27007,2109.0
12409_27008,29.0
12409_27009,0.0
12410_26895,0.0
12410_26934,0.0
12410_26940,0.0
12410_26950,4.0
12410_26951,1408.0
12410_26953,326.0
12410_26954,337.0
12410_26958,129.0
12410_26961,17.0
12410_26962,2166.0
12410_26963,2966.0
12410_26964,24.0
12410_26965,34.0
12410_26966,1045.0
12410_26967,20766.0
12410_26968,183363.0
12410_26969,9352.0
12410_26970,34868.0
12410_26971,60560.0
12410_26972,13170.0
12410_26973,37677.0
12410_26974,26313.0
12410_26975,14763.0
12410_26976,11079.0
12410_26978,1258.0
12410_26979,25587.0
12410_26981,13744.0
12410_26982,31808.0
12410_26983,31320.0
12410_26984,58611.0
12410_26985,7637.0
12410_26986,5520.0
12410_26987,765.0
12410_26988,461.0
12410_26989,125.0
12410_26990,1.0
12410_26991,1216.0
12410_26992,910.0
12410_26993,1297.0
12410_26994,1051.0
12410_26995,212.0
12410_26996,9.0
12410_26997,1.0
12410_26998,0.0
12410_26999,0.0
12410_27006,151.0
12410_27007,1218.0
12410_27008,96.0
12410_27009,1.0
12411_26907,13.0
12411_26949,15.0
12411_26950,39.0
12411_26951,261.0
12411_26953,480.0
12411_26954,3.0
12411_26959,2551.0
12411_26960,748.0
12411_26962,3440.0
12411_26963,224.0
12411_26964,276.0
12411_26965,57.0
12411_26966,1285.0
12411_26967,2915.0
12411_26968,3068.0
12411_26969,16749.0
12411_26970,15299.0
12411_26971,25344.0
12411_26972,10396.0
12411_26973,58573.0
12411_26975,21456.0
12411_26976,27106.0
12411_26977,12910.0
12411_26978,18464.0
12411_26979,100833.0
12411_26980,10643.0
12411_26981,6221.0
12411_26982,42419.0
12411_26983,67979.0
12411_26984,122824.0
12411_26985,167359.0
12411_26986,5.0
12411_26987,48.0
12411_26988,1759.0
12411_26989,178.0
12411_26990,4.0
12411_26991,16390.0
12411_26992,9654.0
12411_26993,1.0
12411_26995,7.0
12411_26996,34.0
12411_26997,5.0
12411_26999,0.0
12411_27000,3.0
12411_27003,0.0
12411_27005,10.0
12411_27006,7.0
12411_27007,8134.0
12411_27008,115.0
12411_27009,0.0
12411_27010,0.0
12411_27011,2.0
12411_27012,1.0
12412_26906,0.0
12412_26907,9.0
12412_26908,917.0
12412_26948,2.0
12412_26949,21.0
12412_26950,1973.0
12412_26951,6028.0
12412_26953,114.0
12412_26954,131.0
12412_26956,3.0
12412_26957,0.0
12412_26958,0.0
12412_26959,240.0
12412_26960,1234.0
12412_26961,112.0
12412_26962,248.0
12412_26964,1.0
12412_26965,535.0
12412_26966,2066.0
12412_26967,5618.0
12412_26968,3778.0
12412_26969,25344.0
12412_26970,12054.0
12412_26971,18690.0
12412_26972,17542.0
12412_26973,43805.0
12412_26974,168816.0
12412_26975,54224.0
12412_26976,20647.0
12412_26977,80801.0
12412_26979,130477.0
12412_26980,179320.0
12412_26981,199460.0
12412_26982,37800.0
12412_26983,105885.0
12412_26984,6006.0
12412_26985,8203.0
12412_26986,2737.0
12412_26987,9591.0
12412_26988,767.0
12412_26989,6054.0
12412_26990,50.0
12412_26991,798.0
12412_26992,4.0
12412_26993,11.0
12412_26994,0.0
12412_26995,0.0
12412_26996,0.0
12412_26998,0.0
12412_27000,222.0
12412_27001,6.0
12412_27002,6.0
12412_27003,798.0
12412_27004,423.0
12412_27005,0.0
12412_27007,427.0
12412_27008,735.0
12412_27009,20.0
12412_27011,50.0
12412_27012,2.0
12413_26897,0.0
12413_26914,8.0
12413_26947,6.0
12413_26948,13.0
12413_26949,232.0
12413_26950,359.0
12413_26951,3540.0
12413_26952,7125.0
12413_26953,147.0
12413_26954,4.0
12413_26955,6.0
12413_26956,3468.0
12413_26957,608.0
12413_26958,3480.0
12413_26959,6044.0
12413_26960,8093.0
12413_26961,304.0
12413_26962,21.0
12413_26963,414.0
12413_26964,109.0
12413_26965,8569.0
12413_26966,5193.0
12413_26967,7503.0
12413_26968,1073.0
12413_26969,10234.0
12413_26970,13374.0
12413_26971,36858.0
12413_26973,37206.0
12413_26974,17532.0
12413_26975,47894.0
12413_26976,44908.0
12413_26977,31147.0
12413_26979,37928.0
12413_26980,42625.0
12413_26982,176161.0
12413_26983,406180.0
12413_26984,84288.0
12413_26985,24443.0
12413_26986,6105.0
12413_26987,25010.0
12413_26988,26476.0
12413_26989,13769.0
12413_26990,49.0
12413_26991,104.0
12413_26992,0.0
12413_26993,0.0
12413_26994,59.0
12413_26995,12144.0
12413_26996,6007.0
12413_26997,3021.0
12413_26998,71.0
12413_26999,54.0
12413_27001,23.0
12413_27002,41.0
12413_27003,1333.0
12413_27004,2425.0
12413_27005,177.0
12413_27007,1.0
12413_27008,55.0
12413_27009,1.0
12413_27011,0.0
12413_27012,8.0
12414_26900,2.0
12414_26951,9.0
12414_26952,27.0
12414_26954,309.0
12414_26955,90.0
12414_26956,377.0
12414_26957,44911.0
12414_26958,2495.0
12414_26959,15331.0
12414_26960,6406.0
12414_26962,5847.0
12414_26963,176.0
12414_26964,73.0
12414_26965,1807.0
12414_26966,5696.0
12414_26967,17771.0
12414_26968,26593.0
12414_26969,7005.0
12414_26970,35440.0
12414_26971,796.0
12414_26973,20408.0
12414_26974,32580.0
12414_26975,21997.0
12414_26976,41584.0
12414_26977,1359.0
12414_26978,8330.0
12414_26979,44020.0
12414_26980,25700.0
12414_26982,230541.0
12414_26983,55096.0
12414_26984,47229.0
12414_26985,29418.0
12414_26986,7877.0
12414_26987,23473.0
12414_26988,2491.0
12414_26989,333573.0
12414_26990,486.0
12414_26991,32.0
12414_26992,3385.0
12414_26993,1129.0
12414_26994,4594.0
12414_26995,12499.0
12414_26996,180671.0
12414_26997,12990.0
12414_26998,1285.0
12414_26999,5.0
12414_27001,1144.0
12414_27003,1205.0
12414_27004,976.0
12414_27005,0.0
12414_27006,0.0
12414_27008,0.0
12414_27009,0.0
12415_26941,0.0
12415_26950,0.0
12415_26951,1.0
12415_26952,4506.0
12415_26953,4.0
12415_26955,2.0
12415_26957,0.0
12415_26958,4483.0
12415_26959,9987.0
12415_26960,5935.0
12415_26961,75.0
12415_26964,174.0
12415_26966,6373.0
12415_26967,91747.0
12415_26968,3946.0
12415_26969,65981.0
12415_26970,2798.0
12415_26971,7.0
12415_26973,36946.0
12415_26974,75463.0
12415_26975,98598.0
12415_26976,130942.0
12415_26978,21920.0
12415_26979,323269.0
12415_26980,48598.0
12415_26982,62963.0
12415_26983,248930.0
12415_26984,12421.0
12415_26985,70182.0
12415_26986,41848.0
12415_26987,71766.0
12415_26988,17686.0
12415_26989,9077.0
12415_26990,7927.0
12415_26991,2584.0
12415_26992,11515.0
12415_26993,7888.0
12415_26994,5493.0
12415_26995,6694.0
12415_26996,10785.0
12415_26997,2284.0
12415_26998,6.0
12415_26999,46.0
12415_27000,773.0
12415_27001,1563.0
12415_27002,42.0
12415_27003,1229.0
12415_27004,6590.0
12415_27005,2116.0
12415_27006,25.0
12415_27007,0.0
12415_27008,19.0
12415_27009,0.0
12416_26943,0.0
12416_26944,230.0
12416_26950,2.0
12416_26951,757.0
12416_26952,6240.0
12416_26953,25.0
12416_26954,0.0
12416_26957,2.0
12416_26958,2017.0
12416_26959,6694.0
12416_26960,23964.0
12416_26961,17779.0
12416_26962,70419.0
12416_26963,31142.0
12416_26964,18141.0
12416_26966,41144.0
12416_26967,48928.0
12416_26968,16665.0
12416_26969,99861.0
12416_26970,17492.0
12416_26971,21857.0
12416_26973,28036.0
12416_26974,36630.0
12416_26975,238202.0
12416_26976,166386.0
12416_26978,1583.0
12416_26979,150465.0
12416_26980,28714.0
12416_26981,24121.0
12416_26982,70802.0
12416_26983,119024.0
12416_26984,32288.0
12416_26985,158174.0
12416_26986,6444.0
12416_26987,6970.0
12416_26988,9060.0
12416_26989,3716.0
12416_26990,478.0
12416_26991,1346.0
12416_26992,4373.0
12416_26993,1311.0
12416_26994,17355.0
12416_26995,756.0
12416_26996,170.0
12416_26997,201.0
12416_26998,80.0
12416_27000,90821.0
12416_27001,1546.0
12416_27002,17211.0
12416_27003,670.0
12416_27004,1401.0
12416_27005,953.0
12416_27006,30.0
12416_27007,24.0
12416_27009,14.0
12416_27011,18.0
12417_26902,0.0
12417_26942,0.0
12417_26943,0.0
12417_26944,346.0
12417_26945,104.0
12417_26946,568.0
12417_26951,3.0
12417_26952,31.0
12417_26953,186.0
12417_26954,867.0
12417_26955,3959.0
12417_26957,26.0
12417_26958,0.0
12417_26959,6.0
12417_26960,1192.0
12417_26961,10611.0
12417_26962,982.0
12417_26963,801.0
12417_26964,663.0
12417_26969,226.0
12417_26970,1421.0
12417_26972,6435.0
12417_26973,15905.0
12417_26974,12535.0
12417_26975,15792.0
12417_26976,47791.0
12417_26978,105049.0
12417_26979,99701.0
12417_26980,251641.0
12417_26981,9538.0
12417_26982,6422.0
12417_26983,120102.0
12417_26984,66866.0
12417_26985,24178.0
12417_26986,25767.0
12417_26987,26363.0
12417_26988,2973.0
12417_26989,897.0
12417_26990,10.0
12417_26991,3279.0
12417_26992,159.0
12417_26993,184.0
12417_26994,69.0
12417_26995,12.0
12417_26996,2148.0
12417_26997,322.0
12417_26998,2.0
12417_26999,2067.0
12417_27000,5931.0
12417_27001,3160.0
12417_27002,2582.0
12417_27003,6390.0
12417_27004,1537.0
12417_27005,7.0
12417_27009,2.0
12417_27010,0.0
12417_27012,247.0
12418_26944,876.0
12418_26951,268.0
12418_26952,4.0
12418_26953,9.0
12418_26957,233.0
12418_26958,0.0
12418_26959,1.0
12418_26960,13.0
12418_26961,3.0
12418_26962,269.0
12418_26965,32992.0
12418_26966,12572.0
12418_26967,3725.0
12418_26968,6204.0
12418_26969,7049.0
12418_26970,3767.0
12418_26972,29424.0
12418_26973,13605.0
12418_26974,25999.0
12418_26975,56906.0
12418_26976,10479.0
12418_26977,40448.0
12418_26978,14353.0
12418_26979,10063.0
12418_26980,20621.0
12418_26981,20142.0
12418_26982,17865.0
12418_26983,34328.0
12418_26984,74415.0
12418_26985,93966.0
12418_26986,4008.0
12418_26987,241.0
12418_26988,510.0
12418_26989,82.0
12418_26990,226.0
12418_26993,1.0
12418_26994,15.0
12418_26995,0.0
12418_26996,837.0
12418_26997,1383.0
12418_26999,3331.0
12418_27000,11152.0
12418_27001,27241.0
12418_27002,28586.0
12418_27003,5855.0
12418_27004,3272.0
12418_27005,6.0
12418_27006,15.0
12418_27008,25.0
12418_27009,7.0
12418_27010,0.0
12418_27011,0.0
12419_26903,2.0
12419_26923,11.0
12419_26944,15.0
12419_26946,0.0
12419_26947,0.0
12419_26951,16.0
12419_26958,26.0
12419_26959,6.0
12419_26960,1.0
12419_26961,0.0
12419_26962,1574.0
12419_26963,643.0
12419_26964,955.0
12419_26965,12.0
12419_26966,5121.0
12419_26967,602.0
12419_26968,1217.0
12419_26969,49195.0
12419_26970,22831.0
12419_26972,10539.0
12419_26973,7648.0
12419_26974,16918.0
12419_26975,24608.0
12419_26976,28982.0
12419_26977,17172.0
12419_26979,4.0
12419_26980,5663.0
12419_26981,8448.0
12419_26983,51027.0
12419_26984,55816.0
12419_26985,27152.0
12419_26986,23057.0
12419_26987,589.0
12419_26988,2.0
12419_26989,2.0
12419_26990,481.0
12419_26991,0.0
12419_26992,154.0
12419_26994,0.0
12419_26995,6.0
12419_26996,19.0
12419_26997,114.0
12419_26998,3.0
12419_26999,1477.0
12419_27000,712.0
12419_27001,665.0
12419_27002,9909.0
12419_27003,4373.0
12419_27004,4981.0
12419_27005,52.0
12419_27006,0.0
12419_27007,39.0
12419_27008,14.0
12419_27009,0.0
12419_27011,1.0
12420_26944,57.0
12420_26945,19.0
12420_26949,32.0
12420_26953,0.0
12420_26963,719.0
12420_26964,572.0
12420_26965,2958.0
12420_26966,176.0
12420_26967,6075.0
12420_26968,23821.0
12420_26969,465.0
12420_26970,3287.0
12420_26971,14820.0
12420_26978,190.0
12420_26979,9632.0
12420_26983,13807.0
12420_26984,31965.0
12420_26985,9986.0
12420_26986,327.0
12420_26987,6770.0
12420_26988,167.0
12420_26989,16.0
12420_26990,300.0
12420_26991,1.0
12420_26992,481.0
12420_26993,548.0
12420_26994,1190.0
12420_26995,37.0
12420_26996,3.0
12420_26997,0.0
12420_26998,0.0
12420_27000,4360.0
12420_27001,291.0
12420_27002,12132.0
12420_27003,797.0
12420_27004,406.0
12420_27005,11735.0
12420_27006,5.0
12420_27007,0.0
12420_27008,1.0
12420_27015,1724.0
12420_27019,21.0
12421_26902,29.0
12421_26945,0.0
12421_26955,8.0
12421_26956,18.0
12421_26957,259.0
12421_26959,64.0
12421_26962,1.0
12421_26963,5.0
12421_26964,1063.0
12421_26965,367.0
12421_26966,2905.0
12421_26967,3131.0
12421_26968,10564.0
12421_26969,24212.0
12421_26970,3944.0
12421_26971,2.0
12421_26972,67.0
12421_26973,552.0
12421_26974,14261.0
12421_26975,17776.0
12421_26976,23907.0
12421_26977,9448.0
12421_26978,5772.0
12421_26980,49297.0
12421_26981,87374.0
12421_26982,5595.0
12421_26983,8455.0
12421_26984,14611.0
12421_26985,9093.0
12421_26986,1425.0
12421_26987,16048.0
12421_26988,4617.0
12421_26989,57.0
12421_26990,101.0
12421_26991,0.0
12421_26992,414.0
12421_26993,0.0
12421_26994,8.0
12421_26995,0.0
12421_26996,8.0
12421_26997,3.0
12421_26998,33.0
12421_27000,0.0
12421_27001,1185.0
12421_27002,185.0
12421_27003,1216.0
12421_27004,469.0
12421_27005,96.0
12421_27006,85.0
12421_27007,0.0
12421_27008,0.0
12421_27009,1.0
12421_27011,0.0
12421_27012,90.0
12421_27015,0.0
12421_27017,6.0
12421_27019,32.0
12422_26901,0.0
12422_26902,1.0
12422_26910,9.0
12422_26952,3.0
12422_26953,86.0
12422_26955,0.0
12422_26957,27.0
12422_26958,6.0
12422_26959,382.0
12422_26962,72.0
12422_26963,502.0
12422_26964,10.0
12422_26965,447.0
12422_26966,370.0
12422_26967,5202.0
12422_26968,12997.0
12422_26969,4360.0
12422_26970,7200.0
12422_26971,7.0
12422_26972,0.0
12422_26973,1425.0
12422_26974,9.0
12422_26975,58086.0
12422_26976,1243.0
12422_26977,22805.0
12422_26979,6771.0
12422_26980,26024.0
12422_26981,24686.0
12422_26982,8430.0
12422_26983,9.0
12422_26984,695.0
12422_26985,773.0
12422_26986,350.0
12422_26987,1897.0
12422_26988,2402.0
12422_26989,95.0
12422_26990,7.0
12422_26991,5.0
12422_26992,36.0
12422_26993,312.0
12422_26994,0.0
12422_26995,27.0
12422_26996,113.0
12422_26997,6.0
12422_26998,0.0
12422_27001,0.0
12422_27002,1.0
12422_27004,0.0
12422_27005,170.0
12422_27006,4.0
12422_27007,316.0
12422_27008,0.0
12422_27009,0.0
12422_27011,21.0
12422_27012,11.0
12422_27013,0.0
12422_27014,39.0
12422_27016,4.0
12423_26901,0.0
12423_26902,0.0
12423_26909,14.0
12423_26956,547.0
12423_26957,2.0
12423_26959,135.0
12423_26960,48.0
12423_26961,1013.0
12423_26962,287.0
12423_26963,2609.0
12423_26964,0.0
12423_26965,2.0
12423_26966,574.0
12423_26967,1552.0
12423_26968,1049.0
12423_26969,1095.0
12423_26970,9974.0
12423_26971,8383.0
12423_26972,967.0
12423_26973,2052.0
12423_26974,10661.0
12423_26975,35217.0
12423_26976,21746.0
12423_26977,42550.0
12423_26978,1384.0
12423_26979,10407.0
12423_26980,29165.0
12423_26981,8365.0
12423_26982,1161.0
12423_26983,4426.0
12423_26984,374.0
12423_26985,12.0
12423_26986,107.0
12423_26987,1.0
12423_26988,34.0
12423_26989,22.0
12423_26990,717.0
12423_26991,2.0
12423_26993,4021.0
12423_26994,13.0
12423_26995,4.0
12423_26996,0.0
12423_26997,0.0
12423_26998,15097.0
12423_26999,0.0
12423_27000,0.0
12423_27001,1.0
12423_27005,49.0
12423_27006,30.0
12423_27007,17.0
12423_27008,1.0
12423_27009,85.0
12423_27010,0.0
12423_27014,9.0
12423_27016,274.0
12423_27018,0.0
12424_26916,0.0
12424_26952,0.0
12424_26957,99.0
12424_26959,3199.0
12424_26960,1078.0
12424_26961,131.0
12424_26963,1282.0
12424_26964,62.0
12424_26965,1.0
12424_26966,0.0
12424_26967,4200.0
12424_26968,18635.0
12424_26969,4136.0
12424_26970,1260.0
12424_26971,1831.0
12424_26972,89.0
12424_26973,1908.0
12424_26974,257.0
12424_26975,8403.0
12424_26976,5664.0
12424_26977,10076.0
12424_26978,495.0
12424_26979,9696.0
12424_26980,1055.0
12424_26981,237.0
12424_26983,37.0
12424_26984,5768.0
12424_26985,69.0
12424_26986,0.0
12424_26987,28.0
12424_26988,319.0
12424_26989,1169.0
12424_26990,6.0
12424_26991,1.0
12424_26992,0.0
12424_26995,109.0
12424_26996,33.0
12424_26998,160.0
12424_26999,1.0
12424_27000,46.0
12424_27002,0.0
12424_27003,0.0
12424_27004,0.0
12424_27005,0.0
12424_27006,83.0
12424_27007,14.0
12424_27008,348.0
12424_27009,7.0
12424_27010,12.0
12424_27011,10.0
12424_27015,0.0
12425_26905,0.0
12425_26916,61.0
12425_26917,2.0
12425_26933,0.0
12425_26953,104.0
12425_26957,0.0
12425_26959,13.0
12425_26960,81.0
12425_26961,108.0
12425_26963,38.0
12425_26964,16.0
12425_26966,1.0
12425_26967,634.0
12425_26968,5405.0
12425_26969,2069.0
12425_26970,14.0
12425_26971,8407.0
12425_26972,60.0
12425_26973,334.0
12425_26974,106.0
12425_26975,26855.0
12425_26976,3.0
12425_26977,533.0
12425_26978,35.0
12425_26979,3.0
12425_26980,7.0
12425_26982,230.0
12425_26983,70.0
12425_26984,590.0
12425_26985,285.0
12425_26986,0.0
12425_26987,107.0
12425_26988,355.0
12425_26990,2.0
12425_26991,0.0
12425_26992,12.0
12425_26997,42.0
12425_26998,1.0
12425_26999,0.0
12425_27000,2.0
12425_27001,278.0
12425_27002,8.0
12425_27003,56.0
12425_27005,0.0
12425_27007,11.0
12425_27008,0.0
12425_27010,0.0
12425_27011,91.0
12425_27012,0.0
12425_27014,8.0
12425_27017,0.0
12426_26918,0.0
12426_26927,0.0
12426_26931,13.0
12426_26933,6.0
12426_26936,1.0
12426_26937,9.0
12426_26938,75.0
12426_26939,2.0
12426_26943,0.0
12426_26948,0.0
12426_26953,62.0
12426_26954,126.0
12426_26956,0.0
12426_26957,1.0
12426_26958,0.0
12426_26960,41.0
12426_26961,163.0
12426_26966,10.0
12426_26967,1099.0
12426_26968,6892.0
12426_26969,43103.0
12426_26970,1474.0
12426_26971,2817.0
12426_26972,794.0
12426_26973,153.0
12426_26974,54.0
12426_26975,1.0
12426_26976,0.0
12426_26978,29.0
12426_26979,8.0
12426_26981,577.0
12426_26984,110.0
12426_26985,92.0
12426_26986,110.0
12426_26987,0.0
12426_26994,0.0
12426_26995,0.0
12426_26998,17.0
12426_26999,1.0
12426_27002,0.0
12426_27004,1.0
12426_27005,0.0
12426_27007,0.0
12426_27012,5.0
12426_27015,0.0
12426_27022,0.0
12427_26935,39.0
12427_26936,5.0
12427_26938,4.0
12427_26939,0.0
12427_26947,1.0
12427_26948,25.0
12427_26953,136.0
12427_26954,34.0
12427_26955,145.0
12427_26956,2246.0
12427_26957,345.0
12427_26958,242.0
12427_26960,0.0
12427_26966,0.0
12427_26967,5.0
12427_26968,42698.0
12427_26969,207.0
12427_26970,2.0
12427_26972,22.0
12427_26973,4.0
12427_26974,42.0
12427_26975,19811.0
12427_26977,62.0
12427_26978,2701.0
12427_26979,162.0
12427_26981,4.0
12427_26982,1626.0
12427_26983,8622.0
12427_26984,0.0
12427_26987,13151.0
12427_26988,1375.0
12427_26989,752.0
12427_26990,93.0
12427_26992,13.0
12427_26993,13.0
12427_26994,354.0
12427_26995,20.0
12427_26997,0.0
12427_27000,1.0
12427_27001,0.0
12427_27002,0.0
12427_27005,11.0
12427_27008,4.0
12427_27009,0.0
12427_27016,178.0
12427_27017,23.0
12427_27021,35.0
12427_27022,20.0
12428_26905,6.0
12428_26932,30.0
12428_26939,5.0
12428_26948,0.0
12428_26949,14.0
12428_26953,170.0
12428_26954,12.0
12428_26955,604.0
12428_26956,2890.0
12428_26957,3758.0
12428_26958,646.0
12428_26959,107.0
12428_26960,20.0
12428_26967,0.0
12428_26968,38.0
12428_26969,1.0
12428_26972,105.0
12428_26973,6.0
12428_26974,15.0
12428_26975,2949.0
12428_26976,27.0
12428_26979,714.0
12428_26980,13850.0
12428_26981,4181.0
12428_26982,2809.0
12428_26983,30222.0
12428_26984,755.0
12428_26985,6994.0
12428_26986,15325.0
12428_26987,69670.0
12428_26988,1591.0
12428_26989,56.0
12428_26990,9457.0
12428_26992,7.0
12428_26993,1484.0
12428_26994,819.0
12428_26995,150.0
12428_26996,0.0
12428_26998,0.0
12428_26999,0.0
12428_27000,2.0
12428_27001,0.0
12428_27002,0.0
12428_27004,1.0
12428_27005,1.0
12428_27008,0.0
12428_27011,3.0
12428_27014,14.0
12428_27016,0.0
12428_27017,0.0
12428_27023,0.0
12428_27024,0.0
12429_26932,0.0
12429_26937,370.0
12429_26940,2.0
12429_26941,0.0
12429_26948,0.0
12429_26953,122.0
12429_26954,7.0
12429_26955,207.0
12429_26956,1484.0
12429_26957,104.0
12429_26958,698.0
12429_26959,0.0
12429_26961,0.0
12429_26962,0.0
12429_26967,0.0
12429_26968,23.0
12429_26969,53.0
12429_26970,6.0
12429_26971,38.0
12429_26974,131.0
12429_26975,808.0
12429_26976,246.0
12429_26978,2.0
12429_26979,4.0
12429_26980,3314.0
12429_26982,11.0
12429_26983,1070.0
12429_26984,916.0
12429_26985,3496.0
12429_26986,7654.0
12429_26987,4291.0
12429_26988,9651.0
12429_26989,559.0
12429_26990,2835.0
12429_26992,0.0
12429_26993,2564.0
12429_26994,55.0
12429_26995,5.0
12429_26998,0.0
12429_27001,1.0
12429_27002,0.0
12429_27003,1.0
12429_27005,0.0
12429_27007,0.0
12429_27011,67.0
12429_27013,2.0
12429_27014,0.0
12429_27018,0.0
12429_27019,79.0
12430_26908,1.0
12430_26947,1.0
12430_26949,1.0
12430_26952,32.0
12430_26955,102.0
12430_26958,1.0
12430_26959,6.0
12430_26961,252.0
12430_26969,14.0
12430_26970,0.0
12430_26972,11885.0
12430_26973,2409.0
12430_26974,745.0
12430_26975,28.0
12430_26976,25.0
12430_26977,1.0
12430_26978,59.0
12430_26979,9.0
12430_26980,2415.0
12430_26982,2.0
12430_26983,16.0
12430_26984,0.0
12430_26985,278.0
12430_26986,5.0
12430_26987,26518.0
12430_26988,10807.0
12430_26989,2728.0
12430_26990,0.0
12430_26993,106.0
12430_27001,1.0
12430_27002,14.0
12430_27004,0.0
12430_27005,5.0
12430_27008,21.0
12430_27017,0.0
12430_27019,5.0
12430_27023,1.0
12431_26898,21.0
12431_26899,46.0
12431_26904,8.0
12431_26908,0.0
12431_26945,18.0
12431_26947,19.0
12431_26949,16.0
12431_26952,9.0
12431_26953,3.0
12431_26956,19.0
12431_26957,0.0
12431_26958,9.0
12431_26961,2.0
12431_26962,0.0
12431_26967,1.0
12431_26968,655.0
12431_26970,278.0
12431_26971,165.0
12431_26972,1014.0
12431_26973,10.0
12431_26974,1.0
12431_26975,0.0
12431_26976,7.0
12431_26977,0.0
12431_26978,8.0
12431_26981,60.0
12431_26982,8.0
12431_26983,0.0
12431_26984,2.0
12431_26986,50.0
12431_26987,46.0
12431_26988,1.0
12431_26989,966.0
12431_26990,0.0
12431_26992,76.0
12431_26993,45.0
12431_27001,0.0
12431_27004,0.0
12431_27005,0.0
12431_27013,1.0
12431_27014,53.0
12431_27020,49.0
12431_27024,0.0
12432_26897,5.0
12432_26898,5.0
12432_26941,52.0
12432_26944,3.0
12432_26945,67.0
12432_26949,0.0
12432_26950,55.0
12432_26954,2.0
12432_26955,671.0
12432_26956,29.0
12432_26957,1871.0
12432_26959,39.0
12432_26960,1.0
12432_26961,42.0
12432_26962,28.0
12432_26963,613.0
12432_26966,0.0
12432_26967,0.0
12432_26969,1.0
12432_26970,4.0
12432_26971,1918.0
12432_26972,3908.0
12432_26973,16.0
12432_26974,428.0
12432_26975,76.0
12432_26976,6.0
12432_26977,0.0
12432_26979,7.0
12432_26980,2.0
12432_26981,0.0
12432_26982,0.0
12432_26985,0.0
12432_26987,4216.0
12432_26988,24.0
12432_26989,0.0
12432_26990,1107.0
12432_26992,3.0
12432_26993,5.0
12432_26994,1.0
12432_26995,206.0
12432_26999,1.0
12432_27000,0.0
12432_27003,0.0
12432_27008,0.0
12432_27010,0.0
12432_27012,1.0
12432_27013,4.0
12432_27014,97.0
12433_26936,1.0
12433_26938,31.0
12433_26939,0.0
12433_26940,0.0
12433_26942,174.0
12433_26945,48.0
12433_26948,0.0
12433_26949,0.0
12433_26950,1.0
12433_26951,5.0
12433_26952,6.0
12433_26957,468.0
12433_26958,10996.0
12433_26959,163.0
12433_26960,169.0
12433_26961,6581.0
12433_26962,7.0
12433_26966,3.0
12433_26967,34.0
12433_26969,274.0
12433_26970,138.0
12433_26971,402.0
12433_26972,30033.0
12433_26973,3219.0
12433_26974,116.0
12433_26975,46.0
12433_26976,935.0
12433_26977,1.0
12433_26978,9.0
12433_26979,38.0
12433_26980,1.0
12433_26981,289.0
12433_26982,213.0
12433_26983,450.0
12433_26984,65.0
12433_26986,1661.0
12433_26987,1641.0
12433_26988,522.0
12433_26990,0.0
12433_26992,348.0
12433_26993,94.0
12433_26994,81.0
12433_26995,187.0
12433_26997,2.0
12433_26998,22.0
12433_27004,18.0
12433_27005,8.0
12433_27014,0.0
12433_27017,6.0
12433_27018,6.0
12434_26926,31.0
12434_26938,217.0
12434_26939,28.0
12434_26945,0.0
12434_26946,0.0
12434_26950,0.0
12434_26951,0.0
12434_26952,11.0
12434_26953,0.0
12434_26954,7.0
12434_26955,18.0
12434_26956,6856.0
12434_26957,39.0
12434_26958,10.0
12434_26960,214.0
12434_26961,29696.0
12434_26962,0.0
12434_26966,3.0
12434_26967,263.0
12434_26968,144.0
12434_26969,1.0
12434_26970,5808.0
12434_26971,113.0
12434_26972,7970.0
12434_26973,627.0
12434_26974,158.0
12434_26975,6.0
12434_26976,0.0
12434_26977,4.0
12434_26978,2.0
12434_26979,8.0
12434_26983,0.0
12434_26984,0.0
12434_26985,11.0
12434_26986,34.0
12434_26987,810.0
12434_26988,30.0
12434_26990,3.0
12434_26991,6095.0
12434_26992,3181.0
12434_26993,3.0
12434_26995,0.0
12434_26997,8.0
12434_26998,4.0
12434_26999,0.0
12434_27000,0.0
12434_27001,29.0
12434_27002,0.0
12434_27003,0.0
12434_27004,0.0
12434_27010,0.0
12434_27013,6.0
12434_27016,1.0
12434_27017,0.0
12435_26909,1.0
12435_26910,0.0
12435_26919,0.0
12435_26938,32.0
12435_26939,0.0
12435_26940,5.0
12435_26948,11.0
12435_26952,0.0
12435_26953,21.0
12435_26954,3388.0
12435_26955,3809.0
12435_26956,28.0
12435_26957,53.0
12435_26958,184.0
12435_26960,0.0
12435_26968,291.0
12435_26969,4.0
12435_26970,374.0
12435_26971,4553.0
12435_26972,12925.0
12435_26973,374.0
12435_26974,2.0
12435_26975,96.0
12435_26976,9.0
12435_26977,2.0
12435_26979,0.0
12435_26983,198.0
12435_26984,0.0
12435_26987,2.0
12435_26990,4.0
12435_26991,75.0
12435_26992,27.0
12435_26993,9.0
12435_26995,0.0
12435_26999,0.0
12435_27000,0.0
12435_27001,68.0
12435_27002,0.0
12435_27005,14.0
12435_27007,6.0
12435_27011,18.0
12435_27015,0.0
12435_27019,0.0
12435_27020,5.0
12436_26899,0.0
12436_26910,7.0
12436_26919,0.0
12436_26934,0.0
12436_26936,3.0
12436_26937,0.0
12436_26938,738.0
12436_26940,0.0
12436_26941,0.0
12436_26946,2.0
12436_26947,30.0
12436_26950,172.0
12436_26951,7.0
12436_26952,0.0
12436_26953,214.0
12436_26954,24223.0
12436_26955,640.0
12436_26956,264.0
12436_26957,1523.0
12436_26958,21.0
12436_26959,23.0
12436_26960,1.0
12436_26962,5.0
12436_26966,0.0
12436_26967,0.0
12436_26969,0.0
12436_26970,0.0
12436_26971,512.0
12436_26972,6931.0
12436_26973,5638.0
12436_26974,597.0
12436_26975,37.0
12436_26976,3.0
12436_26979,88.0
12436_26980,5.0
12436_26981,0.0
12436_26990,0.0
12436_26992,372.0
12436_26993,0.0
12436_26994,16.0
12436_26995,3.0
12436_26996,4.0
12436_26997,3.0
12436_27003,0.0
12436_27023,0.0
12437_26918,21.0
12437_26937,88.0
12437_26938,449.0
12437_26941,0.0
12437_26942,0.0
12437_26943,0.0
12437_26947,6.0
12437_26948,23.0
12437_26950,2.0
12437_26952,326.0
12437_26953,1903.0
12437_26954,10325.0
12437_26955,703.0
12437_26956,169.0
12437_26957,72.0
12437_26958,6.0
12437_26959,44.0
12437_26962,12.0
12437_26967,0.0
12437_26968,1.0
12437_26970,6.0
12437_26971,4363.0
12437_26972,12027.0
12437_26973,13852.0
12437_26974,0.0
12437_26975,1.0
12437_26979,0.0
12437_26980,11.0
12437_26981,38.0
12437_26982,0.0
12437_26983,0.0
12437_26984,0.0
12437_26985,301.0
12437_26986,0.0
12437_26987,3.0
12437_26992,107.0
12437_26993,43.0
12437_26994,853.0
12437_27003,0.0
12437_27017,5.0
12437_27018,0.0
12437_27021,0.0
12438_26928,15.0
12438_26935,0.0
12438_26937,819.0
12438_26938,394.0
12438_26939,448.0
12438_26940,6.0
12438_26941,23.0
12438_26942,11.0
12438_26943,0.0
12438_26944,1.0
12438_26945,1.0
12438_26946,3.0
12438_26947,3.0
12438_26948,13.0
12438_26949,18.0
12438_26950,39.0
12438_26951,225.0
12438_26952,12.0
12438_26953,180.0
12438_26954,2429.0
12438_26955,436.0
12438_26956,1213.0
12438_26957,3600.0
12438_26958,0.0
12438_26965,0.0
12438_26966,1.0
12438_26967,165.0
12438_26968,17.0
12438_26969,0.0
12438_26970,5.0
12438_26971,4.0
12438_26972,5854.0
12438_26973,244.0
12438_26974,189.0
12438_26975,2.0
12438_26976,34.0
12438_26978,0.0
12438_26979,9.0
12438_26980,3.0
12438_26981,0.0
12438_26982,1.0
12438_26983,0.0
12438_26984,3.0
12438_26985,4.0
12438_26986,0.0
12438_26992,1.0
12438_26993,4.0
12438_26994,0.0
12438_27005,0.0
12438_27006,116.0
12438_27008,0.0
12438_27022,0.0
12439_26907,0.0
12439_26935,0.0
12439_26938,0.0
12439_26939,29.0
12439_26940,28.0
12439_26941,0.0
12439_26942,148.0
12439_26943,18.0
12439_26944,0.0
12439_26945,0.0
12439_26946,0.0
12439_26947,810.0
12439_26948,389.0
12439_26949,28.0
12439_26950,20.0
12439_26951,1.0
12439_26953,64.0
12439_26954,3.0
12439_26955,55.0
12439_26957,13.0
12439_26958,3.0
12439_26959,0.0
12439_26960,0.0
12439_26961,0.0
12439_26962,0.0
12439_26966,0.0
12439_26968,1.0
12439_26970,0.0
12439_26971,17.0
12439_26972,91.0
12439_26973,132.0
12439_26974,0.0
12439_26975,0.0
12439_26976,22.0
12439_26977,3.0
12439_26978,169.0
12439_26979,0.0
12439_26980,13.0
12439_26983,0.0
12439_26984,1.0
12439_26985,60.0
12439_26986,24.0
12439_26998,0.0
12439_26999,0.0
12439_27013,43.0
12439_27014,4.0
12439_27015,12.0
12439_27021,0.0
12439_27022,28.0
12440_26921,0.0
12440_26932,0.0
12440_26936,0.0
12440_26937,13.0
12440_26938,0.0
12440_26939,46.0
12440_26940,2675.0
12440_26941,54.0
12440_26942,295.0
12440_26943,49.0
12440_26944,2.0
12440_26945,0.0
12440_26947,17.0
12440_26949,25.0
12440_26950,0.0
12440_26953,4.0
12440_26954,6.0
12440_26955,65.0
12440_26956,0.0
12440_26957,0.0
12440_26958,0.0
12440_26961,46.0
12440_26967,1.0
12440_26968,4.0
12440_26969,3.0
12440_26971,123.0
12440_26972,78.0
12440_26973,31.0
12440_26974,2.0
12440_26975,0.0
12440_26976,0.0
12440_26977,0.0
12440_26978,30.0
12440_26979,3.0
12440_26981,0.0
12440_26982,47.0
12440_26983,0.0
12440_26984,0.0
12440_26985,0.0
12440_26987,10.0
12440_26995,0.0
12440_27014,0.0
12440_27016,0.0
12440_27022,0.0
12441_26926,1.0
12441_26927,1.0
12441_26928,89.0
12441_26939,1.0
12441_26940,3147.0
12441_26941,137.0
12441_26947,2.0
12441_26948,0.0
12441_26951,22.0
12441_26954,0.0
12441_26955,4.0
12441_26956,0.0
12441_26965,3.0
12441_26966,0.0
12441_26967,9.0
12441_26968,29.0
12441_26969,20.0
12441_26970,3.0
12441_26972,0.0
12441_26974,3.0
12441_26976,4.0
12441_26978,0.0
12441_26979,0.0
12441_26983,0.0
12441_26985,0.0
12441_26987,1.0
12441_26989,63.0
12441_26990,156.0
12441_26991,1.0
12441_26994,0.0
12441_26995,0.0
12441_26999,0.0
12441_27001,0.0
12441_27008,8.0
12442_26911,0.0
12442_26912,0.0
12442_26929,89.0
12442_26935,40.0
12442_26936,27.0
12442_26939,3.0
12442_26940,595.0
12442_26941,23.0
12442_26942,0.0
12442_26943,1.0
12442_26947,13.0
12442_26948,20.0
12442_26949,0.0
12442_26951,6.0
12442_26957,0.0
12442_26960,0.0
12442_26961,3.0
12442_26969,5.0
12442_26970,100.0
12442_26971,29223.0
12442_26976,1.0
12442_26978,21.0
12442_26979,3.0
12442_26982,59.0
12442_26984,1.0
12442_26987,3.0
12442_26990,0.0
12442_26991,3.0
12442_26992,2.0
12442_26995,6.0
12442_26996,2.0
12442_26998,2.0
12442_27005,0.0
12442_27006,0.0
12443_26898,1.0
12443_26936,7.0
12443_26937,12.0
12443_26939,3.0
12443_26940,612.0
12443_26943,0.0
12443_26945,1.0
12443_26947,2.0
12443_26948,38.0
12443_26949,7.0
12443_26950,1.0
12443_26951,4.0
12443_26952,0.0
12443_26953,19.0
12443_26954,0.0
12443_26955,55.0
12443_26966,0.0
12443_26969,2.0
12443_26971,77.0
12443_26974,11.0
12443_26979,0.0
12443_26983,3.0
12443_26984,3.0
12443_26986,0.0
12443_26988,96.0
12443_26989,1.0
12443_26990,11.0
12443_26995,0.0
12443_26996,1.0
12443_27008,12.0
12443_27012,6.0
12443_27013,0.0
12443_27016,4.0
12443_27017,19.0
12444_26898,5.0
12444_26900,0.0
12444_26918,0.0
12444_26925,9.0
12444_26933,0.0
12444_26934,0.0
12444_26936,39.0
12444_26937,0.0
12444_26943,1.0
12444_26944,0.0
12444_26945,0.0
12444_26946,0.0
12444_26947,0.0
12444_26948,242.0
12444_26949,0.0
12444_26950,129.0
12444_26955,8.0
12444_26960,28.0
12444_26963,2.0
12444_26964,16.0
12444_26968,0.0
12444_26971,101.0
12444_26972,0.0
12444_26973,0.0
12444_26974,0.0
12444_26975,2.0
12444_26977,8.0
12444_26979,39.0
12444_26980,14.0
12444_26982,2.0
12444_26990,195.0
12444_27013,6.0
12445_26896,24.0
12445_26900,43.0
12445_26901,3.0
12445_26905,0.0
12445_26919,1.0
12445_26924,2.0
12445_26925,15.0
12445_26931,0.0
12445_26932,0.0
12445_26936,9.0
12445_26937,0.0
12445_26940,1.0
12445_26941,0.0
12445_26945,0.0
12445_26947,0.0
12445_26948,666.0
12445_26949,0.0
12445_26950,0.0
12445_26955,0.0
12445_26960,29.0
12445_26964,2.0
12445_26966,11.0
12445_26969,119.0
12445_26970,1.0
12445_26973,0.0
12445_26974,5.0
12445_26979,4.0
12445_26980,0.0
12445_26981,93.0
12445_26984,0.0
12445_26996,5.0
12445_26999,0.0
12445_27000,155.0
12445_27002,10.0
12445_27003,1.0
12445_27005,30.0
12445_27007,1.0
12445_27013,5.0
12446_26896,2.0
12446_26897,1.0
12446_26898,0.0
12446_26900,2.0
12446_26905,2.0
12446_26907,0.0
12446_26918,0.0
12446_26923,18.0
12446_26934,0.0
12446_26935,10.0
12446_26936,26.0
12446_26940,1.0
12446_26941,0.0
12446_26945,5.0
12446_26947,0.0
12446_26948,1546.0
12446_26949,0.0
12446_26952,8.0
12446_26953,1.0
12446_26955,52.0
12446_26963,6.0
12446_26964,6.0
12446_26967,0.0
12446_26968,1.0
12446_26979,2.0
12446_26998,85.0
12446_26999,90.0
12446_27000,7.0
12446_27001,0.0
12446_27002,17.0
12446_27003,4.0
12447_26901,4.0
12447_26902,25.0
12447_26903,0.0
12447_26904,79.0
12447_26905,51.0
12447_26906,7.0
12447_26907,243.0
12447_26908,0.0
12447_26927,2.0
12447_26935,8.0
12447_26940,33.0
12447_26947,21.0
12447_26948,154.0
12447_26949,2.0
12447_26951,0.0
12447_26952,4.0
12447_26953,1.0
12447_26954,0.0
12447_26955,0.0
12447_26956,0.0
12447_26960,1.0
12447_26964,0.0
12447_26965,1.0
12447_26966,1.0
12447_26968,0.0
12447_26970,6.0
12447_26971,6.0
12447_26976,0.0
12447_26979,8.0
12447_26980,0.0
12447_26983,0.0
12447_26988,0.0
12447_26995,6.0
12447_26998,0.0
12447_26999,2.0
12448_26900,1.0
12448_26901,22.0
12448_26903,11.0
12448_26904,177.0
12448_26905,2513.0
12448_26906,27.0
12448_26908,108.0
12448_26909,127.0
12448_26910,26.0
12448_26915,0.0
12448_26940,0.0
12448_26945,28.0
12448_26946,0.0
12448_26947,520.0
12448_26948,27.0
12448_26955,27.0
12448_26956,1.0
12448_26970,2.0
12448_26971,8.0
12448_26973,0.0
12448_26987,1.0
12448_26995,2.0
12448_26996,2.0
12448_27000,0.0
12448_27012,4.0
12448_27013,3.0
12449_26903,4.0
12449_26904,183.0
12449_26905,47.0
12449_26910,52.0
12449_26911,73.0
12449_26936,99.0
12449_26946,8.0
12449_26947,2.0
12449_26949,0.0
12449_26951,4.0
12449_26968,1.0
12449_26969,29.0
12449_26970,103.0
12449_26971,165.0
12449_26977,17.0
12449_26978,63.0
12449_26979,4.0
12449_26980,0.0
12449_27001,78.0
12449_27016,1.0
12450_26903,0.0
12450_26904,0.0
12450_26910,0.0
12450_26911,3.0
12450_26928,5.0
12450_26930,1.0
12450_26933,21.0
12450_26934,0.0
12450_26938,3.0
12450_26939,0.0
12450_26941,6.0
12450_26945,7.0
12450_26950,0.0
12450_26960,0.0
12450_26969,0.0
12450_26970,33.0
12450_26971,23.0
12450_26972,0.0
12450_26973,139.0
12450_26977,24.0
12450_26980,0.0
12450_26982,0.0
12450_26986,70.0
12450_26987,37.0
12450_27005,1.0
12450_27012,0.0
12450_27013,0.0
12451_26912,11.0
12451_26921,51.0
12451_26923,10.0
12451_26932,6.0
12451_26933,40.0
12451_26934,0.0
12451_26938,1.0
12451_26944,0.0
12451_26945,1.0
12451_26952,2.0
12451_26953,39.0
12451_26955,3.0
12451_26959,0.0
12451_26960,3.0
12451_26967,0.0
12451_26971,34.0
12451_26982,4.0
12451_26998,0.0
12451_27005,1.0
12452_26913,0.0
12452_26921,42.0
12452_26922,2.0
12452_26933,0.0
12452_26935,11.0
12452_26936,11.0
12452_26937,18.0
12452_26938,0.0
12452_26939,0.0
12452_26941,6.0
12452_26943,3.0
12452_26944,120.0
12452_26945,38.0
12452_26946,3.0
12452_26950,2.0
12452_26953,0.0
12452_26957,0.0
12452_26967,16.0
12452_26971,566.0
12452_26974,0.0
12452_27013,5.0
12453_26914,6.0
12453_26923,17.0
12453_26924,1.0
12453_26925,26.0
12453_26933,0.0
12453_26938,0.0
12453_26942,2.0
12453_26943,13.0
12453_26944,19.0
12453_26945,16.0
12453_26946,0.0
12453_26948,7.0
12453_26949,0.0
12453_26957,2.0
12453_26964,2.0
12453_26967,3.0
12453_26970,12.0
12453_26974,0.0
12453_26975,0.0
12454_26914,0.0
12454_26919,0.0
12454_26923,0.0
12454_26924,6.0
12454_26926,6.0
12454_26933,8.0
12454_26937,0.0
12454_26939,0.0
12454_26942,0.0
12454_26946,8.0
12454_26964,323.0
12454_26965,0.0
12454_26969,4.0
12454_26988,0.0
12455_26914,0.0
12455_26915,0.0
12455_26916,7.0
12455_26917,20.0
12455_26925,1.0
12455_26932,63.0
12455_26933,32.0
12455_26939,0.0
12456_26915,267.0
12456_26916,117.0
12456_26917,0.0
12456_26918,0.0
12456_26919,11.0
12456_26925,0.0
12456_26929,7.0
12456_26930,0.0
12456_26932,6.0
12456_26971,5.0
12456_26973,0.0
12457_26918,0.0
12457_26925,3.0
12457_26927,0.0
12457_26929,5.0
12457_26930,0.0
12457_26931,0.0
12457_26969,1.0
12457_26977,4.0
12457_26980,1.0
12457_26981,26.0
12457_26982,18.0
12457_26983,1.0
12458_26924,2.0
12458_26926,0.0
12458_26967,43.0
12458_26970,1.0
12458_26973,2.0
12458_26981,5.0
12458_26983,0.0
12459_26920,1.0
12459_26922,12.0
12459_26923,1.0
12459_26967,26.0
12460_26921,4.0
12460_26972,0.0
12461_26923,0.0
12461_26967,39.0
12461_26968,1.0
12462_26923,0.0
12462_26968,0.0
12462_26970,4.0
12462_26971,10.0
12463_26968,2.0
12463_26970,31.0
12463_26971,30.0
12463_26972,0.0
12463_26973,79.0
12463_26978,2.0
12464_26970,4.0
12464_26971,5.0
12464_26972,34.0
12465_26971,24.0
12465_26972,57.0
12465_26974,1.0
12465_26975,6.0
12467_26971,7.0
12468_26973,108.0
12469_26981,1.0
